PassengerId,Survived,Name,Age,SibSp,Parch,Ticket,Fare,Sex_male,Embarked_Q,Embarked_S,Pclass_2,Pclass_3
1,0,"Braund, Mr. Owen Harris",0.2711736617240512,0.2,0.0,A/5 21171,0.11153846153846154,True,False,True,False,True
3,1,"Heikkinen, Miss. Laina",0.32143754712239253,0.0,0.0,STON/O2. 3101282,0.12192307692307693,False,False,True,False,True
4,1,"Futrelle, Mrs. Jacques Heath (Lily May Peel)",0.4345312892686604,0.2,0.0,113803,0.816923076923077,False,False,True,False,False
5,0,"Allen, Mr. William Henry",0.4345312892686604,0.0,0.0,373450,0.12384615384615387,True,False,True,False,True
6,0,"Moran, Mr. James",0.34656948982156316,0.0,0.0,330877,0.1301276923076923,True,True,False,False,True
7,0,"McCarthy, Mr. Timothy J",0.6732847449107816,0.0,0.0,17463,0.7978846153846154,True,False,True,False,False
8,0,"Palsson, Master. Gosta Leonard",0.01985423473234481,0.6000000000000001,0.16666666666666666,349909,0.3242307692307692,True,False,True,False,True
9,1,"Johnson, Mrs. Oscar W (Elisabeth Vilhelmina Berg)",0.33400351847197784,0.0,0.3333333333333333,347742,0.17128153846153849,False,False,True,False,True
10,1,"Nasser, Mrs. Nicholas (Adele Achem)",0.17064589092736868,0.2,0.0,237736,0.4626276923076923,False,False,False,True,False
11,1,"Sandstrom, Miss. Marguerite Rut",0.04498617743151546,0.2,0.16666666666666666,PP 9549,0.2569230769230769,False,False,True,False,True
12,1,"Bonnell, Miss. Elizabeth",0.723548630309123,0.0,0.0,113783,0.4084615384615385,False,False,True,False,False
13,0,"Saundercock, Mr. William Henry",0.24604171902488062,0.0,0.0,A/5. 2151,0.12384615384615387,True,False,True,False,True
14,0,"Andersson, Mr. Anders Johan",0.4847951746670017,0.2,0.8333333333333333,347082,0.48115384615384615,True,False,True,False,True
15,0,"Vestrom, Miss. Hulda Amanda Adolfina",0.17064589092736868,0.0,0.0,350406,0.12083384615384615,False,False,True,False,True
16,1,"Hewlett, Mrs. (Mary D Kingcome) ",0.685850716260367,0.0,0.0,248706,0.24615384615384617,False,False,True,True,False
17,0,"Rice, Master. Eugene",0.01985423473234481,0.8,0.16666666666666666,382652,0.4480769230769231,True,True,False,False,True
18,1,"Williams, Mr. Charles Eugene",0.34656948982156316,0.0,0.0,244373,0.2,True,False,True,True,False
19,0,"Vander Planke, Mrs. Julius (Emelia Maria Vandemoortele)",0.38426740387031916,0.2,0.0,345763,0.27692307692307694,False,False,True,False,True
20,1,"Masselmani, Mrs. Fatima",0.34656948982156316,0.0,0.0,2649,0.11115384615384616,False,False,False,False,True
21,0,"Fynney, Mr. Joseph J",0.4345312892686604,0.0,0.0,239865,0.4,True,False,True,True,False
22,1,"Beesley, Mr. Lawrence",0.4219653179190751,0.0,0.0,248698,0.2,True,False,True,True,False
23,1,"McGowan, Miss. Anna ""Annie""",0.18321186227695402,0.0,0.0,330923,0.12352615384615384,False,True,False,False,True
24,1,"Sloper, Mr. William Thompson",0.34656948982156316,0.0,0.0,113788,0.5461538461538462,True,False,True,False,False
25,0,"Palsson, Miss. Torborg Danira",0.09525006282985675,0.6000000000000001,0.16666666666666666,349909,0.3242307692307692,False,False,True,False,True
26,1,"Asplund, Mrs. Carl Oscar (Selma Augusta Emilia Johansson)",0.4722292033174164,0.2,0.8333333333333333,347077,0.4828846153846154,False,False,True,False,True
27,0,"Emir, Mr. Farred Chehab",0.34656948982156316,0.0,0.0,2631,0.11115384615384616,True,False,False,False,True
29,1,"O'Dwyer, Miss. Ellen ""Nellie""",0.34656948982156316,0.0,0.0,330959,0.12121846153846154,False,True,False,False,True
30,0,"Todoroff, Mr. Lalio",0.34656948982156316,0.0,0.0,349216,0.12147384615384617,True,False,True,False,True
31,0,"Uruchurtu, Don. Manuel E",0.49736114601658704,0.0,0.0,PC 17601,0.4264738461538462,True,False,False,False,False
33,1,"Glynn, Miss. Mary Agatha",0.34656948982156316,0.0,0.0,335677,0.11923076923076924,False,True,False,False,True
34,0,"Wheadon, Mr. Edward H",0.8240764011058055,0.0,0.0,C.A. 24579,0.16153846153846155,True,False,True,True,False
36,0,"Holverson, Mr. Alexander Oskar",0.5224930887157577,0.2,0.0,113789,0.8,True,False,True,False,False
37,1,"Mamee, Mr. Hanna",0.34656948982156316,0.0,0.0,2677,0.11121846153846154,True,False,False,False,True
38,0,"Cann, Mr. Ernest Charles",0.2586076903744659,0.0,0.0,A./5. 2152,0.12384615384615387,True,False,True,False,True
39,0,"Vander Planke, Miss. Augusta Maria",0.22090977632571,0.4,0.0,345764,0.27692307692307694,False,False,True,False,True
40,1,"Nicola-Yarred, Miss. Jamila",0.17064589092736868,0.2,0.0,2651,0.17294923076923077,False,False,False,False,True
41,0,"Ahlin, Mrs. Johan (Johanna Persdotter Larsson)",0.49736114601658704,0.2,0.0,7546,0.14576923076923076,False,False,True,False,True
42,0,"Turpin, Mrs. William John Robert (Dorothy Ann Wonnacott)",0.33400351847197784,0.2,0.0,11668,0.3230769230769231,False,False,True,True,False
43,0,"Kraeff, Mr. Theodor",0.34656948982156316,0.0,0.0,349253,0.12147384615384617,True,False,False,False,True
44,1,"Laroche, Miss. Simonne Marie Anne Andree",0.032420206081930136,0.2,0.3333333333333333,SC/Paris 2123,0.63968,False,False,False,True,False
45,1,"Devaney, Miss. Margaret Delia",0.2334757476752953,0.0,0.0,330958,0.12121846153846154,False,True,False,False,True
46,0,"Rogers, Mr. William John",0.34656948982156316,0.0,0.0,S.C./A.4. 23567,0.12384615384615387,True,False,True,False,True
47,0,"Lennon, Mr. Denis",0.34656948982156316,0.2,0.0,370371,0.23846153846153847,True,True,False,False,True
48,1,"O'Driscoll, Miss. Bridget",0.34656948982156316,0.0,0.0,14311,0.11923076923076924,False,True,False,False,True
49,0,"Samaan, Mr. Youssef",0.34656948982156316,0.4,0.0,2662,0.3335261538461539,True,False,False,False,True
50,0,"Arnold-Franchi, Mrs. Josef (Josefine Franchi)",0.22090977632571,0.2,0.0,349237,0.27384615384615385,False,False,True,False,True
51,0,"Panula, Master. Juha Niilo",0.08268409148027142,0.8,0.16666666666666666,3101295,0.6105769230769231,True,False,True,False,True
52,0,"Nosworthy, Mr. Richard Cater",0.2586076903744659,0.0,0.0,A/4. 39886,0.12000000000000001,True,False,True,False,True
54,1,"Faunthorpe, Mrs. Lizzie (Elizabeth Anne Wilkinson)",0.35913546117114853,0.2,0.0,2926,0.4,False,False,True,True,False
55,0,"Ostby, Mr. Engelhart Cornelius",0.8115104297562202,0.0,0.16666666666666666,113509,0.9535261538461539,True,False,False,False,False
56,1,"Woolner, Mr. Hugh",0.34656948982156316,0.0,0.0,19947,0.5461538461538462,True,False,True,False,False
57,1,"Rugg, Miss. Emily",0.2586076903744659,0.0,0.0,C.A. 31026,0.16153846153846155,False,False,True,True,False
58,0,"Novel, Mr. Mansouer",0.35285247549635584,0.0,0.0,2697,0.11121846153846154,True,False,False,False,True
59,1,"West, Miss. Constance Mirium",0.05755214878110078,0.2,0.3333333333333333,C.A. 34651,0.42692307692307696,False,False,True,True,False
60,0,"Goodwin, Master. William Frederick",0.1329479768786127,1.0,0.3333333333333333,CA 2144,0.7215384615384616,True,False,True,False,True
61,0,"Sirayanian, Mr. Orsen",0.2711736617240512,0.0,0.0,2669,0.11121846153846154,True,False,False,False,True
64,0,"Skoog, Master. Harald",0.04498617743151546,0.6000000000000001,0.3333333333333333,347088,0.42923076923076925,True,False,True,False,True
65,0,"Stewart, Mr. Albert A",0.34656948982156316,0.0,0.0,PC 17605,0.4264738461538462,True,False,False,False,False
66,1,"Moubarek, Master. Gerios",0.34656948982156316,0.2,0.16666666666666666,2661,0.23455076923076923,True,False,False,False,True
67,1,"Nye, Mrs. (Elizabeth Ramell)",0.35913546117114853,0.0,0.0,C.A. 29395,0.16153846153846155,False,False,True,True,False
68,0,"Crease, Mr. Ernest James",0.2334757476752953,0.0,0.0,S.P. 3464,0.1255123076923077,True,False,True,False,True
69,1,"Andersson, Miss. Erna Alexandra",0.20834380497612465,0.8,0.3333333333333333,3101281,0.12192307692307693,False,False,True,False,True
70,0,"Kink, Mr. Vincenz",0.32143754712239253,0.4,0.0,315151,0.13326923076923078,True,False,True,False,True
71,0,"Jenkin, Mr. Stephen Curnow",0.39683337521990447,0.0,0.0,C.A. 33111,0.16153846153846155,True,False,True,True,False
72,0,"Goodwin, Miss. Lillian Amy",0.19577783362653933,1.0,0.3333333333333333,CA 2144,0.7215384615384616,False,False,True,False,True
74,0,"Chronopoulos, Mr. Apostolos",0.32143754712239253,0.2,0.0,2680,0.2223723076923077,True,False,False,False,True
75,1,"Bing, Mr. Lee",0.39683337521990447,0.0,0.0,1601,0.8691661538461539,True,False,True,False,True
76,0,"Moen, Mr. Sigurd Hansen",0.3088715757728072,0.0,0.0,348123,0.11769230769230771,True,False,True,False,True
77,0,"Staneff, Mr. Ivan",0.34656948982156316,0.0,0.0,349208,0.12147384615384617,True,False,True,False,True
78,0,"Moutal, Mr. Rahamin Haim",0.34656948982156316,0.0,0.0,374746,0.12384615384615387,True,False,True,False,True
79,1,"Caldwell, Master. Alden Gates",0.005152048253329982,0.0,0.3333333333333333,248738,0.4461538461538462,True,False,True,True,False
80,1,"Dowdell, Miss. Elizabeth",0.37170143252073384,0.0,0.0,364516,0.19192307692307692,False,False,True,False,True
81,0,"Waelens, Mr. Achille",0.2711736617240512,0.0,0.0,345767,0.13846153846153847,True,False,True,False,True
82,1,"Sheerlinck, Mr. Jan Baptist",0.35913546117114853,0.0,0.0,345779,0.14615384615384616,True,False,True,False,True
83,1,"McDermott, Miss. Brigdet Delia",0.34656948982156316,0.0,0.0,330932,0.11980769230769231,False,True,False,False,True
84,0,"Carrau, Mr. Francisco M",0.34656948982156316,0.0,0.0,113059,0.7246153846153847,True,False,True,False,False
85,1,"Ilett, Miss. Bertha",0.20834380497612465,0.0,0.0,SO/C 14885,0.16153846153846155,False,False,True,True,False
86,1,"Backstrom, Mrs. Karl Alfred (Maria Mathilda Gustafsson)",0.4093993465694898,0.6000000000000001,0.0,3101278,0.24384615384615385,False,False,True,False,True
87,0,"Ford, Mr. William Neal",0.19577783362653933,0.2,0.5,W./C. 6608,0.5288461538461539,True,False,True,False,True
88,0,"Slocovski, Mr. Selman Francis",0.34656948982156316,0.0,0.0,SOTON/OQ 392086,0.12384615384615387,True,False,True,False,True
90,0,"Celotti, Mr. Francesco",0.2963056044232219,0.0,0.0,343275,0.12384615384615387,True,False,True,False,True
91,0,"Christmann, Mr. Emil",0.35913546117114853,0.0,0.0,343276,0.12384615384615387,True,False,True,False,True
92,0,"Andreasson, Mr. Paul Edvin",0.24604171902488062,0.0,0.0,347466,0.12083384615384615,True,False,True,False,True
93,0,"Chaffee, Mr. Herbert Fuller",0.5727569741140991,0.2,0.0,W.E.P. 5734,0.9411538461538461,True,False,True,False,False
94,0,"Dean, Mr. Bertram Frank",0.32143754712239253,0.2,0.3333333333333333,C.A. 2315,0.31653846153846155,True,False,True,False,True
95,0,"Coxon, Mr. Daniel",0.7361146016587082,0.0,0.0,364500,0.11153846153846154,True,False,True,False,True
96,0,"Shorney, Mr. Charles Joseph",0.34656948982156316,0.0,0.0,374910,0.12384615384615387,True,False,True,False,True
97,0,"Goldschmidt, Mr. George B",0.8869062578537321,0.0,0.0,PC 17754,0.5331415384615386,True,False,False,False,False
98,1,"Greenfield, Mr. William Bertram",0.2837396330736366,0.0,0.16666666666666666,PC 17759,0.9747430769230769,True,False,False,False,False
99,1,"Doling, Mrs. John T (Ada Julia Bone)",0.4219653179190751,0.0,0.16666666666666666,231919,0.35384615384615387,False,False,True,True,False
100,0,"Kantor, Mr. Sinai",0.4219653179190751,0.2,0.0,244367,0.4,True,False,True,True,False
101,0,"Petranec, Miss. Matilda",0.34656948982156316,0.0,0.0,349245,0.12147384615384617,False,False,True,False,True
102,0,"Petroff, Mr. Pastcho (""Pentcho"")",0.34656948982156316,0.0,0.0,349215,0.12147384615384617,True,False,True,False,True
104,0,"Johansson, Mr. Gustaf Joel",0.4093993465694898,0.0,0.0,7540,0.13314153846153845,True,False,True,False,True
105,0,"Gustafsson, Mr. Anders Vilhelm",0.4596632319678311,0.4,0.0,3101276,0.12192307692307693,True,False,True,False,True
106,0,"Mionoff, Mr. Stoytcho",0.34656948982156316,0.0,0.0,349207,0.12147384615384617,True,False,True,False,True
107,1,"Salkjelsvik, Miss. Anna Kristine",0.2586076903744659,0.0,0.0,343120,0.11769230769230771,False,False,True,False,True
108,1,"Moss, Mr. Albert Johan",0.34656948982156316,0.0,0.0,312991,0.11961538461538462,True,False,True,False,True
109,0,"Rekic, Mr. Tido",0.4722292033174164,0.0,0.0,349249,0.12147384615384617,True,False,True,False,True
110,1,"Moran, Miss. Bertha",0.34656948982156316,0.2,0.0,371110,0.37153846153846154,False,True,False,False,True
111,0,"Porter, Mr. Walter Chamberlain",0.5853229454636844,0.0,0.0,110465,0.8,True,False,True,False,False
112,0,"Zabour, Miss. Hileni",0.17692887660216136,0.2,0.0,2665,0.2223723076923077,False,False,False,False,True
113,0,"Barton, Mr. David John",0.2711736617240512,0.0,0.0,324669,0.12384615384615387,True,False,True,False,True
114,0,"Jussila, Miss. Katriina",0.24604171902488062,0.2,0.0,4136,0.15115384615384614,False,False,True,False,True
115,0,"Attalah, Miss. Malake",0.20834380497612465,0.0,0.0,2627,0.22243538461538462,False,False,False,False,True
116,0,"Pekoniemi, Mr. Edvard",0.2586076903744659,0.0,0.0,STON/O 2. 3101294,0.12192307692307693,True,False,True,False,True
117,0,"Connors, Mr. Patrick",0.8806232721789394,0.0,0.0,370369,0.11923076923076924,True,True,False,False,True
118,0,"Turpin, Mr. William John Robert",0.35913546117114853,0.2,0.0,11668,0.3230769230769231,True,False,True,True,False
120,0,"Andersson, Miss. Ellis Anna Maria",0.01985423473234481,0.8,0.3333333333333333,347082,0.48115384615384615,False,False,True,False,True
122,0,"Moore, Mr. Leonard Charles",0.34656948982156316,0.0,0.0,A4. 54510,0.12384615384615387,True,False,True,False,True
123,0,"Nasser, Mr. Nicholas",0.40311636089469716,0.2,0.0,237736,0.4626276923076923,True,False,False,True,False
124,1,"Webber, Miss. Susan",0.40311636089469716,0.0,0.0,27267,0.2,False,False,True,True,False
126,1,"Nicola-Yarred, Master. Elias",0.14551394822819805,0.2,0.0,2651,0.17294923076923077,True,False,False,False,True
127,0,"McMahon, Mr. Martin",0.34656948982156316,0.0,0.0,370372,0.11923076923076924,True,True,False,False,True
128,1,"Madsen, Mr. Fridtjof Arne",0.2963056044232219,0.0,0.0,C 17369,0.1098723076923077,True,False,True,False,True
129,1,"Peter, Miss. Anna",0.34656948982156316,0.2,0.16666666666666666,2668,0.3439738461538462,False,False,False,False,True
130,0,"Ekstrom, Mr. Johan",0.5601910027645137,0.0,0.0,347061,0.10730769230769231,True,False,True,False,True
131,0,"Drazenoic, Mr. Jozef",0.4093993465694898,0.0,0.0,349241,0.12147384615384617,True,False,False,False,True
132,0,"Coelho, Mr. Domingos Fernandeo",0.24604171902488062,0.0,0.0,SOTON/O.Q. 3101307,0.10846153846153847,True,False,True,False,True
133,0,"Robins, Mrs. Alexander A (Grace Charity Laury)",0.5853229454636844,0.2,0.0,A/5. 3337,0.2230769230769231,False,False,True,False,True
134,1,"Weisz, Mrs. Leopold (Mathilde Francoise Pede)",0.35913546117114853,0.2,0.0,228414,0.4,False,False,True,True,False
135,0,"Sobey, Mr. Samuel James Hayden",0.3088715757728072,0.0,0.0,C.A. 29178,0.2,True,False,True,True,False
136,0,"Richard, Mr. Emile",0.2837396330736366,0.0,0.0,SC/PARIS 2133,0.23147384615384617,True,False,False,True,False
137,1,"Newsom, Miss. Helen Monypeny",0.2334757476752953,0.0,0.3333333333333333,11752,0.40435846153846156,False,False,True,False,False
138,0,"Futrelle, Mr. Jacques Heath",0.4596632319678311,0.2,0.0,113803,0.816923076923077,True,False,True,False,False
139,0,"Osen, Mr. Olaf Elon",0.19577783362653933,0.0,0.0,7534,0.1417953846153846,True,False,True,False,True
141,0,"Boulos, Mrs. Joseph (Sultana)",0.34656948982156316,0.0,0.3333333333333333,2678,0.23455076923076923,False,False,False,False,True
142,1,"Nysten, Miss. Anna Sofia",0.2711736617240512,0.0,0.0,347081,0.11923076923076924,False,False,True,False,True
143,1,"Hakkarainen, Mrs. Pekka Pietari (Elin Matilda Dolck)",0.2963056044232219,0.2,0.0,STON/O2. 3101279,0.24384615384615385,False,False,True,False,True
144,0,"Burke, Mr. Jeremiah",0.2334757476752953,0.0,0.0,365222,0.10384615384615385,True,True,False,False,True
145,0,"Andrew, Mr. Edgardo Samuel",0.22090977632571,0.0,0.0,231945,0.17692307692307693,True,False,True,True,False
146,0,"Nicholls, Mr. Joseph Charles",0.2334757476752953,0.2,0.16666666666666666,C.A. 33112,0.5653846153846154,True,False,True,True,False
147,1,"Andersson, Mr. August Edvard (""Wennerstrom"")",0.33400351847197784,0.0,0.0,350043,0.11993538461538462,True,False,True,False,True
148,0,"Ford, Miss. Robina Maggie ""Ruby""",0.10781603417944208,0.4,0.3333333333333333,W./C. 6608,0.5288461538461539,False,False,True,False,True
149,0,"Navratil, Mr. Michel (""Louis M Hoffman"")",0.4533802462930384,0.0,0.3333333333333333,230080,0.4,True,False,True,True,False
150,0,"Byles, Rev. Thomas Roussel Davids",0.5224930887157577,0.0,0.0,244310,0.2,True,False,True,True,False
151,0,"Bateman, Rev. Robert James",0.6355868308620256,0.0,0.0,S.O.P. 1166,0.19269230769230772,True,False,True,True,False
153,0,"Meo, Mr. Alfonzo",0.6921337019351597,0.0,0.0,A.5. 11206,0.12384615384615387,True,False,True,False,True
154,0,"van Billiard, Mr. Austin Blyler",0.5036441316913798,0.0,0.3333333333333333,A/5. 851,0.2230769230769231,True,False,True,False,True
155,0,"Olsen, Mr. Ole Martin",0.34656948982156316,0.0,0.0,Fa 265302,0.1125,True,False,True,False,True
156,0,"Williams, Mr. Charles Duane",0.6355868308620256,0.0,0.16666666666666666,PC 17597,0.9442953846153846,True,False,False,False,False
157,1,"Gilnagh, Miss. Katherine ""Katie""",0.19577783362653933,0.0,0.0,35851,0.11897384615384615,False,True,False,False,True
158,0,"Corn, Mr. Harry",0.37170143252073384,0.0,0.0,SOTON/OQ 392090,0.12384615384615387,True,False,True,False,True
159,0,"Smiljanic, Mr. Mile",0.34656948982156316,0.0,0.0,315037,0.13326923076923078,True,False,True,False,True
161,0,"Cribb, Mr. John Hatfield",0.5476250314149284,0.0,0.16666666666666666,371362,0.24769230769230774,True,False,True,False,True
162,1,"Watt, Mrs. James (Elizabeth ""Bessie"" Inglis Milne)",0.49736114601658704,0.0,0.0,C.A. 33595,0.24230769230769234,False,False,True,True,False
163,0,"Bengtsson, Mr. John Viktor",0.32143754712239253,0.0,0.0,347068,0.11961538461538462,True,False,True,False,True
164,0,"Calic, Mr. Jovo",0.20834380497612465,0.0,0.0,315093,0.13326923076923078,True,False,True,False,True
165,0,"Panula, Master. Eino Viljami",0.007288263382759488,0.8,0.16666666666666666,3101295,0.6105769230769231,True,False,True,False,True
166,1,"Goldsmith, Master. Frank John William ""Frankie""",0.10781603417944208,0.0,0.3333333333333333,363291,0.31576923076923075,True,False,True,False,True
167,1,"Chibnall, Mrs. (Edith Martha Bowerman)",0.34656948982156316,0.0,0.16666666666666666,113505,0.8461538461538463,False,False,True,False,False
168,0,"Skoog, Mrs. William (Anna Bernhardina Karlsson)",0.5601910027645137,0.2,0.6666666666666666,347088,0.42923076923076925,False,False,True,False,True
169,0,"Baumann, Mr. John D",0.34656948982156316,0.0,0.0,PC 17318,0.3988461538461539,True,False,True,False,False
170,0,"Ling, Mr. Lee",0.34656948982156316,0.0,0.0,1601,0.8691661538461539,True,False,True,False,True
171,0,"Van der hoef, Mr. Wyckoff",0.7612465443578789,0.0,0.0,111240,0.5153846153846154,True,False,True,False,False
172,0,"Rice, Master. Arthur",0.04498617743151546,0.8,0.16666666666666666,382652,0.4480769230769231,True,True,False,False,True
173,1,"Johnson, Miss. Eleanor Ileen",0.007288263382759488,0.2,0.16666666666666666,347742,0.17128153846153849,False,False,True,False,True
174,0,"Sivola, Mr. Antti Wilhelm",0.2586076903744659,0.0,0.0,STON/O 2. 3101280,0.12192307692307693,True,False,True,False,True
175,0,"Smith, Mr. James Clinch",0.6984166876099522,0.0,0.0,17764,0.47224307692307693,True,False,False,False,False
176,0,"Klasen, Mr. Klas Albin",0.22090977632571,0.2,0.16666666666666666,350404,0.12083384615384615,True,False,True,False,True
177,0,"Lefebre, Master. Henry Forbes",0.34656948982156316,0.6000000000000001,0.16666666666666666,4133,0.3917953846153846,True,False,True,False,True
178,0,"Isham, Miss. Ann Elizabeth",0.6230208595124404,0.0,0.0,PC 17595,0.44173076923076926,False,False,False,False,False
179,0,"Hale, Mr. Reginald",0.37170143252073384,0.0,0.0,250653,0.2,True,False,True,True,False
180,0,"Leonard, Mr. Lionel",0.4470972606182458,0.0,0.0,LINE,0.0,True,False,True,False,True
182,0,"Pernot, Mr. Rene",0.34656948982156316,0.0,0.0,SC/PARIS 2131,0.23153846153846155,True,False,False,True,False
183,0,"Asplund, Master. Clarence Gustaf Hugo",0.10781603417944208,0.8,0.3333333333333333,347077,0.4828846153846154,True,False,True,False,True
184,1,"Becker, Master. Richard F",0.007288263382759488,0.4,0.16666666666666666,230136,0.6000000000000001,True,False,True,True,False
185,1,"Kink-Heilmann, Miss. Luise Gretchen",0.04498617743151546,0.0,0.3333333333333333,315153,0.33884615384615385,False,False,True,False,True
186,0,"Rood, Mr. Hugh Roscoe",0.34656948982156316,0.0,0.0,113767,0.7692307692307693,True,False,True,False,False
187,1,"O'Brien, Mrs. Thomas (Johanna ""Hannah"" Godfrey)",0.34656948982156316,0.2,0.0,370365,0.23846153846153847,False,True,False,False,True
188,1,"Romaine, Mr. Charles Hallace (""Mr C Rolmane"")",0.5601910027645137,0.0,0.0,111428,0.4084615384615385,True,False,True,False,False
189,0,"Bourke, Mr. John",0.49736114601658704,0.2,0.16666666666666666,364849,0.23846153846153847,True,True,False,False,True
190,0,"Turcin, Mr. Stjepan",0.4470972606182458,0.0,0.0,349247,0.12147384615384617,True,False,True,False,True
191,1,"Pinsky, Mrs. (Rosa)",0.39683337521990447,0.0,0.0,234604,0.2,False,False,True,True,False
192,0,"Carbines, Mr. William",0.2334757476752953,0.0,0.0,28424,0.2,True,False,True,True,False
193,1,"Andersen-Jensen, Miss. Carla Christine Nielsine",0.2334757476752953,0.2,0.0,350046,0.12083384615384615,False,False,True,False,True
194,1,"Navratil, Master. Michel M",0.032420206081930136,0.2,0.16666666666666666,230080,0.4,True,False,True,True,False
195,1,"Brown, Mrs. James Joseph (Margaret Tobin)",0.5476250314149284,0.0,0.0,PC 17610,0.4264738461538462,False,False,False,False,False
197,0,"Mernagh, Mr. Robert",0.34656948982156316,0.0,0.0,368703,0.11923076923076924,True,True,False,False,True
198,0,"Olsen, Mr. Karl Siegwart Andreas",0.5224930887157577,0.0,0.16666666666666666,4579,0.12929538461538462,True,False,True,False,True
199,1,"Madigan, Miss. Margaret ""Maggie""",0.34656948982156316,0.0,0.0,370370,0.11923076923076924,False,True,False,False,True
200,0,"Yrois, Miss. Henriette (""Mrs Harbeck"")",0.2963056044232219,0.0,0.0,248747,0.2,False,False,True,True,False
201,0,"Vande Walle, Mr. Nestor Cyriel",0.34656948982156316,0.0,0.0,345770,0.14615384615384616,True,False,True,False,True
203,0,"Johanson, Mr. Jakob Alfred",0.4219653179190751,0.0,0.0,3101264,0.09993538461538462,True,False,True,False,True
204,0,"Youseff, Mr. Gerious",0.5664739884393064,0.0,0.0,2628,0.11115384615384616,True,False,False,False,True
205,1,"Cohen, Mr. Gurshon ""Gus""",0.22090977632571,0.0,0.0,A/5 3540,0.12384615384615387,True,False,True,False,True
206,0,"Strom, Miss. Telma Matilda",0.01985423473234481,0.0,0.16666666666666666,347054,0.1609615384615385,False,False,True,False,True
207,0,"Backstrom, Mr. Karl Alfred",0.39683337521990447,0.2,0.0,3101278,0.24384615384615385,True,False,True,False,True
208,1,"Albimona, Mr. Nassef Cassem",0.32143754712239253,0.0,0.0,2699,0.2890384615384616,True,False,False,False,True
209,1,"Carr, Miss. Helen ""Ellen""",0.19577783362653933,0.0,0.0,367231,0.11923076923076924,False,True,False,False,True
210,1,"Blank, Mr. Henry",0.49736114601658704,0.0,0.0,112277,0.47692307692307695,True,False,False,False,False
211,0,"Ali, Mr. Ahmed",0.2963056044232219,0.0,0.0,SOTON/O.Q. 3101311,0.10846153846153847,True,False,True,False,True
212,1,"Cameron, Miss. Clear Annie",0.4345312892686604,0.0,0.0,F.C.C. 13528,0.3230769230769231,False,False,True,True,False
213,0,"Perkin, Mr. John Henry",0.2711736617240512,0.0,0.0,A/5 21174,0.11153846153846154,True,False,True,False,True
214,0,"Givard, Mr. Hans Kristensen",0.37170143252073384,0.0,0.0,250646,0.2,True,False,True,True,False
215,0,"Kiernan, Mr. Philip",0.34656948982156316,0.2,0.0,367229,0.11923076923076924,True,True,False,False,True
217,1,"Honkanen, Miss. Eliina",0.33400351847197784,0.0,0.0,STON/O2. 3101283,0.12192307692307693,False,False,True,False,True
218,0,"Jacobsohn, Mr. Sidney Samuel",0.5224930887157577,0.2,0.0,243847,0.4153846153846154,True,False,True,True,False
220,0,"Harris, Mr. Walter",0.37170143252073384,0.0,0.0,W/C 14208,0.16153846153846155,True,False,True,True,False
221,1,"Sunderland, Mr. Victor Francis",0.19577783362653933,0.0,0.0,SOTON/OQ 392089,0.12384615384615387,True,False,True,False,True
222,0,"Bracken, Mr. James H",0.33400351847197784,0.0,0.0,220367,0.2,True,False,True,True,False
223,0,"Green, Mr. George Henry",0.6355868308620256,0.0,0.0,21440,0.12384615384615387,True,False,True,False,True
224,0,"Nenkoff, Mr. Christo",0.34656948982156316,0.0,0.0,349234,0.12147384615384617,True,False,True,False,True
226,0,"Berglund, Mr. Karl Ivar Sven",0.2711736617240512,0.0,0.0,PP 4348,0.14384615384615385,True,False,True,False,True
227,1,"Mellors, Mr. William John",0.2334757476752953,0.0,0.0,SW/PP 751,0.16153846153846155,True,False,True,True,False
228,0,"Lovell, Mr. John Hall (""Henry"")",0.2523247046996733,0.0,0.0,A/5 21173,0.11153846153846154,True,False,True,False,True
229,0,"Fahlstrom, Mr. Arne Jonas",0.22090977632571,0.0,0.0,236171,0.2,True,False,True,True,False
230,0,"Lefebre, Miss. Mathilde",0.34656948982156316,0.6000000000000001,0.16666666666666666,4133,0.3917953846153846,False,False,True,False,True
232,0,"Larsson, Mr. Bengt Edvin",0.35913546117114853,0.0,0.0,347067,0.11961538461538462,True,False,True,False,True
233,0,"Sjostedt, Mr. Ernst Adolf",0.7361146016587082,0.0,0.0,237442,0.2076923076923077,True,False,True,True,False
234,1,"Asplund, Miss. Lillian Gertrud",0.05755214878110078,0.8,0.3333333333333333,347077,0.4828846153846154,False,False,True,False,True
235,0,"Leyson, Mr. Robert William Norman",0.2963056044232219,0.0,0.0,C.A. 29566,0.16153846153846155,True,False,True,True,False
236,0,"Harknett, Miss. Alice Phoebe",0.34656948982156316,0.0,0.0,W./C. 6609,0.11615384615384616,False,False,True,False,True
237,0,"Hold, Mr. Stephen",0.5476250314149284,0.2,0.0,26707,0.4,True,False,True,True,False
238,1,"Collyer, Miss. Marjorie ""Lottie""",0.09525006282985675,0.0,0.3333333333333333,C.A. 31921,0.40384615384615385,False,False,True,True,False
239,0,"Pengelly, Mr. Frederick William",0.2334757476752953,0.0,0.0,28665,0.16153846153846155,True,False,True,True,False
240,0,"Hunt, Mr. George Henry",0.4093993465694898,0.0,0.0,SCO/W 1585,0.18884615384615386,True,False,True,True,False
241,0,"Zabour, Miss. Thamine",0.34656948982156316,0.2,0.0,2665,0.2223723076923077,False,False,False,False,True
242,1,"Murphy, Miss. Katherine ""Kate""",0.34656948982156316,0.2,0.0,367230,0.23846153846153847,False,True,False,False,True
243,0,"Coleridge, Mr. Reginald Charles",0.35913546117114853,0.0,0.0,W./C. 14263,0.16153846153846155,True,False,True,True,False
244,0,"Maenpaa, Mr. Matti Alexanteri",0.2711736617240512,0.0,0.0,STON/O 2. 3101275,0.10961538461538461,True,False,True,False,True
245,0,"Attalah, Mr. Sleiman",0.37170143252073384,0.0,0.0,2694,0.11115384615384616,True,False,False,False,True
247,0,"Lindahl, Miss. Agda Thorilda Viktoria",0.3088715757728072,0.0,0.0,347071,0.11961538461538462,False,False,True,False,True
248,1,"Hamalainen, Mrs. William (Anna)",0.2963056044232219,0.0,0.3333333333333333,250649,0.2230769230769231,False,False,True,True,False
249,1,"Beckwith, Mr. Richard Leonard",0.4596632319678311,0.2,0.16666666666666666,11751,0.8085261538461539,True,False,True,False,False
250,0,"Carter, Rev. Ernest Courtenay",0.6732847449107816,0.2,0.0,244252,0.4,True,False,True,True,False
251,0,"Reed, Mr. James George",0.34656948982156316,0.0,0.0,362316,0.11153846153846154,True,False,True,False,True
252,0,"Strom, Mrs. Wilhelm (Elna Matilda Persson)",0.35913546117114853,0.2,0.16666666666666666,347054,0.1609615384615385,False,False,True,False,True
253,0,"Stead, Mr. William Thomas",0.7738125157074642,0.0,0.0,113514,0.4084615384615385,True,False,True,False,False
254,0,"Lobb, Mr. William Arthur",0.37170143252073384,0.2,0.0,A/5. 3336,0.24769230769230774,True,False,True,False,True
255,0,"Rosblom, Mrs. Viktor (Helena Wilhelmina)",0.5099271173661725,0.0,0.3333333333333333,370129,0.31096153846153846,False,False,True,False,True
256,1,"Touma, Mrs. Darwis (Hanne Youssef Razi)",0.35913546117114853,0.0,0.3333333333333333,2650,0.23455076923076923,False,False,False,False,True
260,1,"Parrish, Mrs. (Lutie Davis)",0.6230208595124404,0.0,0.16666666666666666,230433,0.4,False,False,True,True,False
261,0,"Smith, Mr. Thomas",0.34656948982156316,0.0,0.0,384461,0.11923076923076924,True,True,False,False,True
262,1,"Asplund, Master. Edvin Rojj Felix",0.032420206081930136,0.8,0.3333333333333333,347077,0.4828846153846154,True,False,True,False,True
264,0,"Harrison, Mr. William",0.49736114601658704,0.0,0.0,112059,0.0,True,False,True,False,False
265,0,"Henry, Miss. Delia",0.34656948982156316,0.0,0.0,382649,0.11923076923076924,False,True,False,False,True
266,0,"Reeves, Mr. David",0.4470972606182458,0.0,0.0,C.A. 17248,0.16153846153846155,True,False,True,True,False
267,0,"Panula, Mr. Ernesti Arvid",0.19577783362653933,0.8,0.16666666666666666,3101295,0.6105769230769231,True,False,True,False,True
268,1,"Persson, Mr. Ernst Ulrik",0.3088715757728072,0.2,0.0,347083,0.11961538461538462,True,False,True,False,True
271,0,"Cairns, Mr. Alexander",0.34656948982156316,0.0,0.0,113798,0.47692307692307695,True,False,True,False,False
272,1,"Tornquist, Mr. William Henry",0.3088715757728072,0.0,0.0,LINE,0.0,True,False,True,False,True
273,1,"Mellinger, Mrs. (Elizabeth Anne Maidment)",0.5099271173661725,0.0,0.16666666666666666,250644,0.30000000000000004,False,False,True,True,False
274,0,"Natsch, Mr. Charles H",0.4596632319678311,0.0,0.16666666666666666,PC 17596,0.45692307692307693,True,False,False,False,False
275,1,"Healy, Miss. Hanora ""Nora""",0.34656948982156316,0.0,0.0,370375,0.11923076923076924,False,True,False,False,True
277,0,"Lindblom, Miss. Augusta Charlotta",0.5601910027645137,0.0,0.0,347073,0.11923076923076924,False,False,True,False,True
278,0,"Parkes, Mr. Francis ""Frank""",0.34656948982156316,0.0,0.0,239853,0.0,True,False,True,True,False
279,0,"Rice, Master. Eric",0.08268409148027142,0.8,0.16666666666666666,382652,0.4480769230769231,True,True,False,False,True
280,1,"Abbott, Mrs. Stanton (Rosa Hunt)",0.4345312892686604,0.2,0.16666666666666666,C.A. 2673,0.31153846153846154,False,False,True,False,True
281,0,"Duane, Mr. Frank",0.8115104297562202,0.0,0.0,336439,0.11923076923076924,True,True,False,False,True
282,0,"Olsson, Mr. Nils Johan Goransson",0.34656948982156316,0.0,0.0,347464,0.12083384615384615,True,False,True,False,True
283,0,"de Pelsmaeker, Mr. Alfons",0.19577783362653933,0.0,0.0,345778,0.14615384615384616,True,False,True,False,True
284,1,"Dorking, Mr. Edward Arthur",0.2334757476752953,0.0,0.0,A/5. 10482,0.12384615384615387,True,False,True,False,True
285,0,"Smith, Mr. Richard William",0.34656948982156316,0.0,0.0,113056,0.4,True,False,True,False,False
286,0,"Stankovic, Mr. Ivan",0.4093993465694898,0.0,0.0,349239,0.13326923076923078,True,False,False,False,True
287,1,"de Mulder, Mr. Theodore",0.37170143252073384,0.0,0.0,345774,0.14615384615384616,True,False,True,False,True
288,0,"Naidenoff, Mr. Penko",0.2711736617240512,0.0,0.0,349206,0.12147384615384617,True,False,True,False,True
289,1,"Hosono, Mr. Masabumi",0.5224930887157577,0.0,0.0,237798,0.2,True,False,True,True,False
290,1,"Connolly, Miss. Kate",0.2711736617240512,0.0,0.0,370373,0.11923076923076924,False,True,False,False,True
293,0,"Levy, Mr. Rene Jacques",0.4470972606182458,0.0,0.0,SC/Paris 2163,0.1980769230769231,True,False,False,True,False
294,0,"Haas, Miss. Aloisia",0.2963056044232219,0.0,0.0,349236,0.13615384615384615,False,False,True,False,True
295,0,"Mineff, Mr. Ivan",0.2963056044232219,0.0,0.0,349233,0.12147384615384617,True,False,True,False,True
296,0,"Lewy, Mr. Ervin G",0.34656948982156316,0.0,0.0,PC 17612,0.4264738461538462,True,False,False,False,False
297,0,"Hanna, Mr. Mansour",0.2900226187484292,0.0,0.0,2693,0.11121846153846154,True,False,False,False,True
299,1,"Saalfeld, Mr. Adolphe",0.34656948982156316,0.0,0.0,19988,0.46923076923076923,True,False,True,False,False
301,1,"Kelly, Miss. Anna Katherine ""Annie Kate""",0.34656948982156316,0.0,0.0,9234,0.11923076923076924,False,True,False,False,True
302,1,"McCoy, Mr. Bernard",0.34656948982156316,0.4,0.0,367226,0.3576923076923077,True,True,False,False,True
303,0,"Johnson, Mr. William Cahoone Jr",0.2334757476752953,0.0,0.0,LINE,0.0,True,False,True,False,True
304,1,"Keane, Miss. Nora A",0.34656948982156316,0.0,0.0,226593,0.19,False,True,False,True,False
305,0,"Williams, Mr. Howard Hugh ""Harry""",0.34656948982156316,0.0,0.0,A/5 2466,0.12384615384615387,True,False,True,False,True
309,0,"Abelson, Mr. Samuel",0.37170143252073384,0.2,0.0,P/PP 3381,0.36923076923076925,True,False,False,True,False
310,1,"Francatelli, Miss. Laura Mabel",0.37170143252073384,0.0,0.0,PC 17485,0.8758338461538462,False,False,False,False,False
313,0,"Lahtinen, Mrs. William (Anna Sylfven)",0.32143754712239253,0.2,0.16666666666666666,250651,0.4,False,False,True,True,False
314,0,"Hendekovic, Mr. Ignjac",0.34656948982156316,0.0,0.0,349243,0.12147384615384617,True,False,True,False,True
315,0,"Hart, Mr. Benjamin",0.5350590600653431,0.2,0.16666666666666666,F.C.C. 13529,0.40384615384615385,True,False,True,True,False
316,1,"Nilsson, Miss. Helmina Josefina",0.32143754712239253,0.0,0.0,347470,0.12083384615384615,False,False,True,False,True
317,1,"Kantor, Mrs. Sinai (Miriam Sternin)",0.2963056044232219,0.2,0.0,244367,0.4,False,False,True,True,False
318,0,"Moraweck, Dr. Ernest",0.6732847449107816,0.0,0.0,29011,0.2153846153846154,True,False,True,True,False
321,0,"Dennis, Mr. Samuel",0.2711736617240512,0.0,0.0,A/5 21172,0.11153846153846154,True,False,True,False,True
322,0,"Danoff, Mr. Yoto",0.33400351847197784,0.0,0.0,349219,0.12147384615384617,True,False,True,False,True
323,1,"Slayter, Miss. Hilda Mary",0.37170143252073384,0.0,0.0,234818,0.19,False,True,False,True,False
324,1,"Caldwell, Mrs. Albert Francis (Sylvia Mae Harbaugh)",0.2711736617240512,0.2,0.16666666666666666,248738,0.4461538461538462,False,False,True,True,False
327,0,"Nysveen, Mr. Johan Hansen",0.7612465443578789,0.0,0.0,345364,0.09596153846153846,True,False,True,False,True
328,1,"Ball, Mrs. (Ada E Hall)",0.4470972606182458,0.0,0.0,28551,0.2,False,False,True,True,False
329,1,"Goldsmith, Mrs. Frank John (Emily Alice Brown)",0.38426740387031916,0.2,0.16666666666666666,363291,0.31576923076923075,False,False,True,False,True
330,1,"Hippach, Miss. Jean Gertrude",0.19577783362653933,0.0,0.16666666666666666,111361,0.8919876923076924,False,False,False,False,False
331,1,"McCoy, Miss. Agnes",0.34656948982156316,0.4,0.0,367226,0.3576923076923077,False,True,False,False,True
332,0,"Partner, Mr. Austen",0.5664739884393064,0.0,0.0,113043,0.43846153846153846,True,False,True,False,False
334,0,"Vander Planke, Mr. Leo Edmondus",0.19577783362653933,0.4,0.0,345764,0.27692307692307694,True,False,True,False,True
336,0,"Denkoff, Mr. Mitto",0.34656948982156316,0.0,0.0,349225,0.12147384615384617,True,False,True,False,True
339,1,"Dahl, Mr. Karl Edwart",0.5601910027645137,0.0,0.0,7598,0.12384615384615387,True,False,True,False,True
340,0,"Blackwell, Mr. Stephen Weart",0.5601910027645137,0.0,0.0,113784,0.5461538461538462,True,False,True,False,False
341,1,"Navratil, Master. Edmond Roger",0.01985423473234481,0.2,0.16666666666666666,230080,0.4,True,False,True,True,False
343,0,"Collander, Mr. Erik Gustaf",0.34656948982156316,0.0,0.0,248740,0.2,True,False,True,True,False
344,0,"Sedgwick, Mr. Charles Frederick Waddington",0.3088715757728072,0.0,0.0,244361,0.2,True,False,True,True,False
345,0,"Fox, Mr. Stanley Hubert",0.4470972606182458,0.0,0.0,229236,0.2,True,False,True,True,False
346,1,"Brown, Miss. Amelia ""Mildred""",0.2963056044232219,0.0,0.0,248733,0.2,False,False,True,True,False
347,1,"Smith, Miss. Marion Elsie",0.49736114601658704,0.0,0.0,31418,0.2,False,False,True,True,False
348,1,"Davison, Mrs. Thomas Henry (Mary E Finck)",0.34656948982156316,0.2,0.0,386525,0.24769230769230774,False,False,True,False,True
349,1,"Coutts, Master. William Loch ""William""",0.032420206081930136,0.2,0.16666666666666666,C.A. 37671,0.24461538461538462,True,False,True,False,True
350,0,"Dimic, Mr. Jovan",0.5224930887157577,0.0,0.0,315088,0.13326923076923078,True,False,True,False,True
351,0,"Odahl, Mr. Nils Martin",0.2837396330736366,0.0,0.0,7267,0.14192307692307693,True,False,True,False,True
352,0,"Williams-Lambert, Mr. Fletcher Fellows",0.34656948982156316,0.0,0.0,113510,0.5384615384615385,True,False,True,False,False
353,0,"Elias, Mr. Tannous",0.18321186227695402,0.2,0.16666666666666666,2695,0.11121846153846154,True,False,False,False,True
354,0,"Arnold-Franchi, Mr. Josef",0.3088715757728072,0.2,0.0,349237,0.27384615384615385,True,False,True,False,True
355,0,"Yousif, Mr. Wazli",0.34656948982156316,0.0,0.0,2647,0.11115384615384616,True,False,False,False,True
356,0,"Vanden Steen, Mr. Leo Peter",0.34656948982156316,0.0,0.0,345783,0.14615384615384616,True,False,True,False,True
357,1,"Bowerman, Miss. Elsie Edith",0.2711736617240512,0.0,0.16666666666666666,113505,0.8461538461538463,False,False,True,False,False
358,0,"Funk, Miss. Annie Clemmer",0.4722292033174164,0.0,0.0,237671,0.2,False,False,True,True,False
359,1,"McGovern, Miss. Mary",0.34656948982156316,0.0,0.0,330931,0.12121846153846154,False,True,False,False,True
360,1,"Mockler, Miss. Helen Mary ""Ellie""",0.34656948982156316,0.0,0.0,330980,0.12121846153846154,False,True,False,False,True
361,0,"Skoog, Mr. Wilhelm",0.49736114601658704,0.2,0.6666666666666666,347088,0.42923076923076925,True,False,True,False,True
362,0,"del Carlo, Mr. Sebastiano",0.35913546117114853,0.2,0.0,SC/PARIS 2167,0.4264738461538462,True,False,False,True,False
363,0,"Barbara, Mrs. (Catherine David)",0.5601910027645137,0.0,0.16666666666666666,2691,0.2223723076923077,False,False,False,False,True
364,0,"Asim, Mr. Adola",0.4345312892686604,0.0,0.0,SOTON/O.Q. 3101310,0.10846153846153847,True,False,True,False,True
365,0,"O'Brien, Mr. Thomas",0.34656948982156316,0.2,0.0,370365,0.23846153846153847,True,True,False,False,True
366,0,"Adahl, Mr. Mauritz Nils Martin",0.37170143252073384,0.0,0.0,C 7076,0.11153846153846154,True,False,True,False,True
368,1,"Moussa, Mrs. (Mantoura Boulos)",0.34656948982156316,0.0,0.0,2626,0.11121846153846154,False,False,False,False,True
369,1,"Jermyn, Miss. Annie",0.34656948982156316,0.0,0.0,14313,0.11923076923076924,False,True,False,False,True
371,1,"Harder, Mr. George Achilles",0.3088715757728072,0.2,0.0,11765,0.8529492307692308,True,False,False,False,False
372,0,"Wiklund, Mr. Jakob Alfred",0.22090977632571,0.2,0.0,3101267,0.09993538461538462,True,False,True,False,True
373,0,"Beavan, Mr. William Thomas",0.2334757476752953,0.0,0.0,323951,0.12384615384615387,True,False,True,False,True
375,0,"Palsson, Miss. Stina Viola",0.032420206081930136,0.6000000000000001,0.16666666666666666,349909,0.3242307692307692,False,False,True,False,True
377,1,"Landergren, Miss. Aurora Adelia",0.2711736617240512,0.0,0.0,C 7077,0.11153846153846154,False,False,True,False,True
379,0,"Betros, Mr. Tannous",0.24604171902488062,0.0,0.0,2648,0.061730769230769235,True,False,False,False,True
380,0,"Gustafsson, Mr. Karl Gideon",0.2334757476752953,0.0,0.0,347069,0.11961538461538462,True,False,True,False,True
382,1,"Nakid, Miss. Maria (""Mary"")",0.007288263382759488,0.0,0.3333333333333333,2653,0.24218,False,False,False,False,True
383,0,"Tikkanen, Mr. Juho",0.39683337521990447,0.0,0.0,STON/O 2. 3101293,0.12192307692307693,True,False,True,False,True
384,1,"Holverson, Mrs. Alexander Oskar (Mary Aline Towner)",0.4345312892686604,0.2,0.0,113789,0.8,False,False,True,False,False
385,0,"Plotcharsky, Mr. Vasil",0.34656948982156316,0.0,0.0,349227,0.12147384615384617,True,False,True,False,True
387,0,"Goodwin, Master. Sidney Leonard",0.007288263382759488,1.0,0.3333333333333333,CA 2144,0.7215384615384616,True,False,True,False,True
388,1,"Buss, Miss. Kate",0.4470972606182458,0.0,0.0,27849,0.2,False,False,True,True,False
389,0,"Sadlier, Mr. Matthew",0.34656948982156316,0.0,0.0,367655,0.11891076923076924,True,True,False,False,True
390,1,"Lehmann, Miss. Bertha",0.20834380497612465,0.0,0.0,SC 1748,0.18461538461538463,False,False,False,True,False
392,1,"Jansson, Mr. Carl Olof",0.2586076903744659,0.0,0.0,350034,0.11993538461538462,True,False,True,False,True
393,0,"Gustafsson, Mr. Johan Birger",0.34656948982156316,0.4,0.0,3101277,0.12192307692307693,True,False,True,False,True
395,1,"Sandstrom, Mrs. Hjalmar (Agnes Charlotta Bengtsson)",0.2963056044232219,0.0,0.3333333333333333,PP 9549,0.2569230769230769,False,False,True,False,True
396,0,"Johansson, Mr. Erik",0.2711736617240512,0.0,0.0,350052,0.11993538461538462,True,False,True,False,True
397,0,"Olsson, Miss. Elina",0.38426740387031916,0.0,0.0,350407,0.12083384615384615,False,False,True,False,True
398,0,"McKane, Mr. Peter David",0.5727569741140991,0.0,0.0,28403,0.4,True,False,True,True,False
399,0,"Pain, Dr. Alfred",0.2837396330736366,0.0,0.0,244278,0.16153846153846155,True,False,True,True,False
400,1,"Trout, Mrs. William H (Jessie L)",0.34656948982156316,0.0,0.0,240929,0.19461538461538463,False,False,True,True,False
401,1,"Niskanen, Mr. Juha",0.4847951746670017,0.0,0.0,STON/O 2. 3101289,0.12192307692307693,True,False,True,False,True
402,0,"Adams, Mr. John",0.32143754712239253,0.0,0.0,341826,0.12384615384615387,True,False,True,False,True
403,0,"Jussila, Miss. Mari Aina",0.2586076903744659,0.2,0.0,4137,0.15115384615384614,False,False,True,False,True
404,0,"Hakkarainen, Mr. Pekka Pietari",0.34656948982156316,0.2,0.0,STON/O2. 3101279,0.24384615384615385,True,False,True,False,True
405,0,"Oreskovic, Miss. Marija",0.24604171902488062,0.0,0.0,315096,0.13326923076923078,False,False,True,False,True
406,0,"Gale, Mr. Shadrach",0.4219653179190751,0.2,0.0,28664,0.3230769230769231,True,False,True,True,False
407,0,"Widegren, Mr. Carl/Charles Peter",0.6355868308620256,0.0,0.0,347064,0.11923076923076924,True,False,True,False,True
408,1,"Richards, Master. William Rowe",0.032420206081930136,0.2,0.16666666666666666,29106,0.2884615384615385,True,False,True,True,False
409,0,"Birkeland, Mr. Hans Martin Monsen",0.2586076903744659,0.0,0.0,312992,0.11961538461538462,True,False,True,False,True
410,0,"Lefebre, Miss. Ida",0.34656948982156316,0.6000000000000001,0.16666666666666666,4133,0.3917953846153846,False,False,True,False,True
411,0,"Sdycoff, Mr. Todor",0.34656948982156316,0.0,0.0,349222,0.12147384615384617,True,False,True,False,True
412,0,"Hart, Mr. Henry",0.34656948982156316,0.0,0.0,394140,0.1055123076923077,True,True,False,False,True
414,0,"Cunningham, Mr. Alfred Fleming",0.34656948982156316,0.0,0.0,239853,0.0,True,False,True,True,False
415,1,"Sundman, Mr. Johan Julian",0.5476250314149284,0.0,0.0,STON/O 2. 3101269,0.12192307692307693,True,False,True,False,True
416,0,"Meek, Mrs. Thomas (Annie Louise Rowley)",0.34656948982156316,0.0,0.0,343095,0.12384615384615387,False,False,True,False,True
417,1,"Drew, Mrs. James Vivian (Lulu Thorne Christian)",0.4219653179190751,0.2,0.16666666666666666,28220,0.5,False,False,True,True,False
418,1,"Silven, Miss. Lyyli Karoliina",0.22090977632571,0.0,0.3333333333333333,250652,0.2,False,False,True,True,False
419,0,"Matthews, Mr. William John",0.37170143252073384,0.0,0.0,28228,0.2,True,False,True,True,False
420,0,"Van Impe, Miss. Catharina",0.12038200552902739,0.0,0.3333333333333333,345773,0.37153846153846154,False,False,True,False,True
421,0,"Gheorgheff, Mr. Stanio",0.34656948982156316,0.0,0.0,349254,0.12147384615384617,True,False,False,False,True
422,0,"Charters, Mr. David",0.2586076903744659,0.0,0.0,A/5. 13032,0.11897384615384615,True,True,False,False,True
423,0,"Zimmerman, Mr. Leo",0.35913546117114853,0.0,0.0,315082,0.12115384615384617,True,False,True,False,True
424,0,"Danbom, Mrs. Ernst Gilbert (Anna Sigrid Maria Brogren)",0.34656948982156316,0.2,0.16666666666666666,347080,0.22153846153846155,False,False,True,False,True
425,0,"Rosblom, Mr. Viktor Richard",0.22090977632571,0.2,0.16666666666666666,370129,0.31096153846153846,True,False,True,False,True
426,0,"Wiseman, Mr. Phillippe",0.34656948982156316,0.0,0.0,A/4. 34244,0.11153846153846154,True,False,True,False,True
427,1,"Clarke, Mrs. Charles V (Ada Maria Winfield)",0.34656948982156316,0.2,0.0,2003,0.4,False,False,True,True,False
428,1,"Phillips, Miss. Kate Florence (""Mrs Kate Louise Phillips Marshall"")",0.2334757476752953,0.0,0.0,250655,0.4,False,False,True,True,False
429,0,"Flynn, Mr. James",0.34656948982156316,0.0,0.0,364851,0.11923076923076924,True,True,False,False,True
430,1,"Pickard, Mr. Berk (Berk Trembisky)",0.39683337521990447,0.0,0.0,SOTON/O.Q. 392078,0.12384615384615387,True,False,True,False,True
431,1,"Bjornstrom-Steffansson, Mr. Mauritz Hakan",0.34656948982156316,0.0,0.0,110564,0.4084615384615385,True,False,True,False,False
432,1,"Thorneycroft, Mrs. Percival (Florence Kate White)",0.34656948982156316,0.2,0.0,376564,0.24769230769230774,False,False,True,False,True
433,1,"Louch, Mrs. Charles Alexander (Alice Adelaide Slow)",0.5224930887157577,0.2,0.0,SC/AH 3085,0.4,False,False,True,True,False
434,0,"Kallio, Mr. Nikolai Erland",0.20834380497612465,0.0,0.0,STON/O 2. 3101274,0.10961538461538461,True,False,True,False,True
435,0,"Silvey, Mr. William Baird",0.6230208595124404,0.2,0.0,13507,0.86,True,False,True,False,False
437,0,"Ford, Miss. Doolina Margaret ""Daisy""",0.2586076903744659,0.4,0.3333333333333333,W./C. 6608,0.5288461538461539,False,False,True,False,True
438,1,"Richards, Mrs. Sidney (Emily Hocking)",0.2963056044232219,0.4,0.5,29106,0.2884615384615385,False,False,True,True,False
440,0,"Kvillner, Mr. Johan Henrik Johannesson",0.38426740387031916,0.0,0.0,C.A. 18723,0.16153846153846155,True,False,True,True,False
441,1,"Hart, Mrs. Benjamin (Esther Ada Bloomfield)",0.5601910027645137,0.2,0.16666666666666666,F.C.C. 13529,0.40384615384615385,False,False,True,True,False
442,0,"Hampe, Mr. Leon",0.24604171902488062,0.0,0.0,345769,0.14615384615384616,True,False,True,False,True
443,0,"Petterson, Mr. Johan Emil",0.3088715757728072,0.2,0.0,347076,0.11961538461538462,True,False,True,False,True
444,1,"Reynaldo, Ms. Encarnacion",0.34656948982156316,0.0,0.0,230434,0.2,False,False,True,True,False
445,1,"Johannesen-Bratthammer, Mr. Bernt",0.34656948982156316,0.0,0.0,65306,0.12480769230769233,True,False,True,False,True
447,1,"Mellinger, Miss. Madeleine Violet",0.15807991957778336,0.0,0.16666666666666666,250644,0.30000000000000004,False,False,True,True,False
448,1,"Seward, Mr. Frederic Kimber",0.4219653179190751,0.0,0.0,113794,0.4084615384615385,True,False,True,False,False
449,1,"Baclini, Miss. Marie Catherine",0.05755214878110078,0.4,0.16666666666666666,2666,0.29628153846153843,False,False,False,False,True
450,1,"Peuchen, Major. Arthur Godfrey",0.648152802211611,0.0,0.0,113786,0.46923076923076923,True,False,True,False,False
451,0,"West, Mr. Edwy Arthur",0.4470972606182458,0.2,0.3333333333333333,C.A. 34651,0.42692307692307696,True,False,True,True,False
452,0,"Hagland, Mr. Ingvald Olai Olsen",0.34656948982156316,0.2,0.0,65303,0.30718,True,False,True,False,True
453,0,"Foreman, Mr. Benjamin Laventall",0.37170143252073384,0.0,0.0,113051,0.42692307692307696,True,False,False,False,False
455,0,"Peduzzi, Mr. Joseph",0.34656948982156316,0.0,0.0,A/5 2817,0.12384615384615387,True,False,True,False,True
456,1,"Jalsevac, Mr. Ivan",0.35913546117114853,0.0,0.0,349240,0.12147384615384617,True,False,False,False,True
457,0,"Millet, Mr. Francis Davis",0.8115104297562202,0.0,0.0,13509,0.4084615384615385,True,False,True,False,False
458,1,"Kenyon, Mrs. Frederick R (Marion)",0.34656948982156316,0.2,0.0,17464,0.7978846153846154,False,False,True,False,False
459,1,"Toomey, Miss. Ellen",0.6230208595124404,0.0,0.0,F.C.C. 13531,0.16153846153846155,False,False,True,True,False
460,0,"O'Connor, Mr. Maurice",0.34656948982156316,0.0,0.0,371060,0.11923076923076924,True,True,False,False,True
461,1,"Anderson, Mr. Harry",0.5978889168132697,0.0,0.0,19952,0.4084615384615385,True,False,True,False,False
462,0,"Morley, Mr. William",0.4219653179190751,0.0,0.0,364506,0.12384615384615387,True,False,True,False,True
463,0,"Gee, Mr. Arthur H",0.5853229454636844,0.0,0.0,111320,0.5923076923076923,True,False,True,False,False
464,0,"Milling, Mr. Jacob Christian",0.5978889168132697,0.0,0.0,234360,0.2,True,False,True,True,False
465,0,"Maisner, Mr. Simon",0.34656948982156316,0.0,0.0,A/S 2816,0.12384615384615387,True,False,True,False,True
466,0,"Goncalves, Mr. Manuel Estanslas",0.4722292033174164,0.0,0.0,SOTON/O.Q. 3101306,0.10846153846153847,True,False,True,False,True
467,0,"Campbell, Mr. William",0.34656948982156316,0.0,0.0,239853,0.0,True,False,True,True,False
468,0,"Smart, Mr. John Montgomery",0.6984166876099522,0.0,0.0,113792,0.4084615384615385,True,False,True,False,False
469,0,"Scanlan, Mr. James",0.34656948982156316,0.0,0.0,36209,0.11884615384615385,True,True,False,False,True
470,1,"Baclini, Miss. Helene Barbara",0.0041467705453631576,0.4,0.16666666666666666,2666,0.29628153846153843,False,False,False,False,True
471,0,"Keefe, Mr. Arthur",0.34656948982156316,0.0,0.0,323592,0.11153846153846154,True,False,True,False,True
472,0,"Cacic, Mr. Luka",0.4722292033174164,0.0,0.0,315089,0.13326923076923078,True,False,True,False,True
473,1,"West, Mrs. Edwy Arthur (Ada Mary Worth)",0.4093993465694898,0.2,0.3333333333333333,C.A. 34651,0.42692307692307696,False,False,True,True,False
474,1,"Jerwan, Mrs. Amin S (Marie Marthe Thuillard)",0.2837396330736366,0.0,0.0,SC/AH Basle 541,0.21218,False,False,False,True,False
475,0,"Strandberg, Miss. Ida Sofia",0.2711736617240512,0.0,0.0,7553,0.15134615384615385,False,False,True,False,True
476,0,"Clifford, Mr. George Quincy",0.34656948982156316,0.0,0.0,110465,0.8,True,False,True,False,False
477,0,"Renouf, Mr. Peter Henry",0.4219653179190751,0.2,0.0,31027,0.3230769230769231,True,False,True,True,False
478,0,"Braund, Mr. Lewis Richard",0.35913546117114853,0.2,0.0,3460,0.10839692307692309,True,False,True,False,True
479,0,"Karlsson, Mr. Nils August",0.2711736617240512,0.0,0.0,350060,0.11570461538461539,True,False,True,False,True
480,1,"Hirvonen, Miss. Hildur E",0.01985423473234481,0.0,0.16666666666666666,3101298,0.18903846153846154,False,False,True,False,True
481,0,"Goodwin, Master. Harold Victor",0.10781603417944208,1.0,0.3333333333333333,CA 2144,0.7215384615384616,True,False,True,False,True
482,0,"Frost, Mr. Anthony Wood ""Archie""",0.34656948982156316,0.0,0.0,239854,0.0,True,False,True,True,False
483,0,"Rouse, Mr. Richard Henry",0.6230208595124404,0.0,0.0,A/5 3594,0.12384615384615387,True,False,True,False,True
484,1,"Turkula, Mrs. (Hedwig)",0.7863784870570495,0.0,0.0,4134,0.14750000000000002,False,False,True,False,True
486,0,"Lefebre, Miss. Jeannie",0.34656948982156316,0.6000000000000001,0.16666666666666666,4133,0.3917953846153846,False,False,True,False,True
488,0,"Kent, Mr. Edward Austin",0.723548630309123,0.0,0.0,11771,0.45692307692307693,True,False,False,False,False
489,0,"Somerton, Mr. Francis William",0.37170143252073384,0.0,0.0,A.5. 18509,0.12384615384615387,True,False,True,False,True
490,1,"Coutts, Master. Eden Leslie ""Neville""",0.10781603417944208,0.2,0.16666666666666666,C.A. 37671,0.24461538461538462,True,False,True,False,True
491,0,"Hagland, Mr. Konrad Mathias Reiersen",0.34656948982156316,0.2,0.0,65304,0.30718,True,False,True,False,True
492,0,"Windelov, Mr. Einar",0.2586076903744659,0.0,0.0,SOTON/OQ 3101317,0.11153846153846154,True,False,True,False,True
493,0,"Molson, Mr. Harry Markland",0.685850716260367,0.0,0.0,113787,0.46923076923076923,True,False,True,False,False
494,0,"Artagaveytia, Mr. Ramon",0.8869062578537321,0.0,0.0,PC 17609,0.7616030769230769,True,False,False,False,False
495,0,"Stanley, Mr. Edward Roland",0.2586076903744659,0.0,0.0,A/4 45380,0.12384615384615387,True,False,True,False,True
496,0,"Yousseff, Mr. Gerious",0.34656948982156316,0.0,0.0,2627,0.22243538461538462,True,False,False,False,True
498,0,"Shellard, Mr. Frederick William",0.34656948982156316,0.0,0.0,C.A. 6212,0.23230769230769233,True,False,True,False,True
500,0,"Svensson, Mr. Olof",0.2963056044232219,0.0,0.0,350035,0.11993538461538462,True,False,True,False,True
501,0,"Calic, Mr. Petar",0.20834380497612465,0.0,0.0,315086,0.13326923076923078,True,False,True,False,True
502,0,"Canavan, Miss. Mary",0.2586076903744659,0.0,0.0,364846,0.11923076923076924,False,True,False,False,True
503,0,"O'Sullivan, Miss. Bridget Mary",0.34656948982156316,0.0,0.0,330909,0.11737230769230769,False,True,False,False,True
504,0,"Laitinen, Miss. Kristina Sofia",0.4596632319678311,0.0,0.0,4135,0.14750000000000002,False,False,True,False,True
507,1,"Quick, Mrs. Frederick Charles (Jane Richards)",0.4093993465694898,0.0,0.3333333333333333,26360,0.4,False,False,True,True,False
508,1,"Bradley, Mr. George (""George Arthur Brayton"")",0.34656948982156316,0.0,0.0,111427,0.4084615384615385,True,False,True,False,False
509,0,"Olsen, Mr. Henry Margido",0.34656948982156316,0.0,0.0,C 4001,0.3465384615384615,True,False,True,False,True
510,1,"Lang, Mr. Fang",0.32143754712239253,0.0,0.0,1601,0.8691661538461539,True,False,True,False,True
511,1,"Daly, Mr. Eugene Patrick",0.35913546117114853,0.0,0.0,382651,0.11923076923076924,True,True,False,False,True
512,0,"Webber, Mr. James",0.34656948982156316,0.0,0.0,SOTON/OQ 3101316,0.12384615384615387,True,False,True,False,True
513,1,"McGough, Mr. James Robert",0.4470972606182458,0.0,0.0,PC 17473,0.40442307692307694,True,False,True,False,False
514,1,"Rothschild, Mrs. Martin (Elizabeth L. Barrett)",0.6732847449107816,0.2,0.0,PC 17603,0.9138461538461539,False,False,False,False,False
515,0,"Coleff, Mr. Satio",0.2963056044232219,0.0,0.0,349209,0.11532,True,False,True,False,True
516,0,"Walker, Mr. William Anderson",0.5853229454636844,0.0,0.0,36967,0.5233969230769231,True,False,True,False,False
517,1,"Lemore, Mrs. (Amelia Milley)",0.4219653179190751,0.0,0.0,C.A. 34260,0.16153846153846155,False,False,True,True,False
518,0,"Ryan, Mr. Patrick",0.34656948982156316,0.0,0.0,371110,0.37153846153846154,True,True,False,False,True
519,1,"Angle, Mrs. William A (Florence ""Mary"" Agnes Hughes)",0.4470972606182458,0.2,0.0,226875,0.4,False,False,True,True,False
520,0,"Pavlovic, Mr. Stefo",0.39683337521990447,0.0,0.0,349242,0.12147384615384617,True,False,True,False,True
522,0,"Vovk, Mr. Janko",0.2711736617240512,0.0,0.0,349252,0.12147384615384617,True,False,True,False,True
523,0,"Lahoud, Mr. Sarkis",0.34656948982156316,0.0,0.0,2624,0.11115384615384616,True,False,False,False,True
524,1,"Hippach, Mrs. Louis Albert (Ida Sophia Fischer)",0.5476250314149284,0.0,0.16666666666666666,111361,0.8919876923076924,False,False,False,False,False
525,0,"Kassem, Mr. Fared",0.34656948982156316,0.0,0.0,2700,0.11121846153846154,True,False,False,False,True
526,0,"Farrell, Mr. James",0.5036441316913798,0.0,0.0,367232,0.11923076923076924,True,True,False,False,True
527,1,"Ridsdale, Miss. Lucy",0.6230208595124404,0.0,0.0,W./C. 14258,0.16153846153846155,False,False,True,True,False
529,0,"Salonen, Mr. Johan Werner",0.4847951746670017,0.0,0.0,3101296,0.12192307692307693,True,False,True,False,True
530,0,"Hocking, Mr. Richard George",0.2837396330736366,0.4,0.16666666666666666,29104,0.17692307692307693,True,False,True,True,False
531,1,"Quick, Miss. Phyllis May",0.01985423473234481,0.2,0.16666666666666666,26360,0.4,False,False,True,True,False
532,0,"Toufik, Mr. Nakli",0.34656948982156316,0.0,0.0,2641,0.11121846153846154,True,False,False,False,True
533,0,"Elias, Mr. Joseph Jr",0.20834380497612465,0.2,0.16666666666666666,2690,0.11121846153846154,True,False,False,False,True
534,1,"Peter, Mrs. Catherine (Catherine Rizk)",0.34656948982156316,0.0,0.3333333333333333,2668,0.3439738461538462,False,False,False,False,True
535,0,"Cacic, Miss. Marija",0.37170143252073384,0.0,0.0,315084,0.13326923076923078,False,False,True,False,True
536,1,"Hart, Miss. Eva Miriam",0.08268409148027142,0.0,0.3333333333333333,F.C.C. 13529,0.40384615384615385,False,False,True,True,False
537,0,"Butt, Major. Archibald Willingham",0.5601910027645137,0.0,0.0,113050,0.4084615384615385,True,False,True,False,False
539,0,"Risien, Mr. Samuel Beard",0.34656948982156316,0.0,0.0,364498,0.2230769230769231,True,False,True,False,True
540,1,"Frolicher, Miss. Hedwig Margaritha",0.2711736617240512,0.0,0.3333333333333333,13568,0.7615384615384616,False,False,False,False,False
542,0,"Andersson, Miss. Ingeborg Constanzia",0.10781603417944208,0.8,0.3333333333333333,347082,0.48115384615384615,False,False,True,False,True
543,0,"Andersson, Miss. Sigrid Elisabeth",0.1329479768786127,0.8,0.3333333333333333,347082,0.48115384615384615,False,False,True,False,True
544,1,"Beane, Mr. Edward",0.39683337521990447,0.2,0.0,2908,0.4,True,False,True,True,False
546,0,"Nicholson, Mr. Arthur Ernest",0.7989444584066349,0.0,0.0,693,0.4,True,False,True,False,False
547,1,"Beane, Mrs. Edward (Ethel Clarke)",0.2334757476752953,0.2,0.0,2908,0.4,False,False,True,True,False
548,1,"Padro y Manent, Mr. Julian",0.34656948982156316,0.0,0.0,SC/PARIS 2146,0.2132692307692308,True,False,False,True,False
549,0,"Goldsmith, Mr. Frank John",0.4093993465694898,0.2,0.16666666666666666,363291,0.31576923076923075,True,False,True,False,True
550,1,"Davies, Master. John Morgan Jr",0.09525006282985675,0.2,0.16666666666666666,C.A. 33112,0.5653846153846154,True,False,True,True,False
552,0,"Sharp, Mr. Percival James R",0.33400351847197784,0.0,0.0,244358,0.4,True,False,True,True,False
553,0,"O'Brien, Mr. Timothy",0.34656948982156316,0.0,0.0,330979,0.12044923076923078,True,True,False,False,True
554,1,"Leeni, Mr. Fahim (""Philip Zenni"")",0.2711736617240512,0.0,0.0,2620,0.11115384615384616,True,False,False,False,True
555,1,"Ohman, Miss. Velin",0.2711736617240512,0.0,0.0,347085,0.11961538461538462,False,False,True,False,True
556,0,"Wright, Mr. George",0.7738125157074642,0.0,0.0,113807,0.4084615384615385,True,False,True,False,False
557,1,"Duff Gordon, Lady. (Lucille Christiana Sutherland) (""Mrs Morgan"")",0.5978889168132697,0.2,0.0,11755,0.6092307692307692,False,False,False,False,False
560,1,"de Messemaeker, Mrs. Guillaume Joseph (Emma)",0.4470972606182458,0.2,0.0,345572,0.2676923076923077,False,False,True,False,True
561,0,"Morrow, Mr. Thomas Rowan",0.34656948982156316,0.0,0.0,372622,0.11923076923076924,True,True,False,False,True
562,0,"Sivic, Mr. Husein",0.49736114601658704,0.0,0.0,349251,0.12147384615384617,True,False,True,False,True
563,0,"Norman, Mr. Robert Douglas",0.34656948982156316,0.0,0.0,218629,0.2076923076923077,True,False,True,True,False
564,0,"Simmons, Mr. John",0.34656948982156316,0.0,0.0,SOTON/OQ 392082,0.12384615384615387,True,False,True,False,True
565,0,"Meanwell, Miss. (Marion Ogden)",0.34656948982156316,0.0,0.0,SOTON/O.Q. 392087,0.12384615384615387,False,False,True,False,True
566,0,"Davies, Mr. Alfred J",0.2963056044232219,0.4,0.0,A/4 48871,0.37153846153846154,True,False,True,False,True
567,0,"Stoytcheff, Mr. Ilia",0.2334757476752953,0.0,0.0,349205,0.12147384615384617,True,False,True,False,True
568,0,"Palsson, Mrs. Nils (Alma Cornelia Berglund)",0.35913546117114853,0.0,0.6666666666666666,349909,0.3242307692307692,False,False,True,False,True
569,0,"Doharr, Mr. Tannous",0.34656948982156316,0.0,0.0,2686,0.11121846153846154,True,False,False,False,True
570,1,"Jonsson, Mr. Carl",0.39683337521990447,0.0,0.0,350417,0.12083384615384615,True,False,True,False,True
571,1,"Harris, Mr. George",0.7738125157074642,0.0,0.0,S.W./PP 752,0.16153846153846155,True,False,True,True,False
572,1,"Appleton, Mrs. Edward Dale (Charlotte Lamson)",0.6607187735611963,0.4,0.0,11769,0.7919876923076923,False,False,True,False,False
573,1,"Flynn, Mr. John Irwin (""Irving"")",0.4470972606182458,0.0,0.0,PC 17474,0.4059615384615385,True,False,True,False,False
574,1,"Kelly, Miss. Mary",0.34656948982156316,0.0,0.0,14312,0.11923076923076924,False,True,False,False,True
575,0,"Rush, Mr. Alfred George John",0.19577783362653933,0.0,0.0,A/4. 20589,0.12384615384615387,True,False,True,False,True
576,0,"Patchett, Mr. George",0.2334757476752953,0.0,0.0,358585,0.2230769230769231,True,False,True,False,True
577,1,"Garside, Miss. Ethel",0.4219653179190751,0.0,0.0,243880,0.2,False,False,True,True,False
578,1,"Silvey, Mrs. William Baird (Alice Munger)",0.4847951746670017,0.2,0.0,13507,0.86,False,False,True,False,False
579,0,"Caram, Mrs. Joseph (Maria Elias)",0.34656948982156316,0.2,0.0,2689,0.22243538461538462,False,False,False,False,True
580,1,"Jussila, Mr. Eiriik",0.39683337521990447,0.0,0.0,STON/O 2. 3101286,0.12192307692307693,True,False,True,False,True
581,1,"Christy, Miss. Julie Rachel",0.3088715757728072,0.2,0.16666666666666666,237789,0.46153846153846156,False,False,True,True,False
583,0,"Downton, Mr. William James",0.6732847449107816,0.0,0.0,28403,0.4,True,False,True,True,False
584,0,"Ross, Mr. John Hugo",0.4470972606182458,0.0,0.0,13049,0.6173076923076923,True,False,False,False,False
585,0,"Paulner, Mr. Uscher",0.34656948982156316,0.0,0.0,3411,0.13403846153846155,True,False,False,False,True
587,0,"Jarvis, Mr. John Denzil",0.5853229454636844,0.0,0.0,237565,0.23076923076923078,True,False,True,True,False
589,0,"Gilinski, Mr. Eliezer",0.2711736617240512,0.0,0.0,14973,0.12384615384615387,True,False,True,False,True
590,0,"Murdlin, Mr. Joseph",0.34656948982156316,0.0,0.0,A./5. 3235,0.12384615384615387,True,False,True,False,True
591,0,"Rintamaki, Mr. Matti",0.4345312892686604,0.0,0.0,STON/O 2. 3101273,0.10961538461538461,True,False,True,False,True
593,0,"Elsbury, Mr. William James",0.5853229454636844,0.0,0.0,A/5 3902,0.11153846153846154,True,False,True,False,True
594,0,"Bourke, Miss. Mary",0.34656948982156316,0.0,0.3333333333333333,364848,0.11923076923076924,False,True,False,False,True
595,0,"Chapman, Mr. John Henry",0.4596632319678311,0.2,0.0,SC/AH 29037,0.4,True,False,True,True,False
596,0,"Van Impe, Mr. Jean Baptiste",0.4470972606182458,0.2,0.16666666666666666,345773,0.37153846153846154,True,False,True,False,True
597,1,"Leitch, Miss. Jessie Wills",0.34656948982156316,0.0,0.0,248727,0.5076923076923077,False,False,True,True,False
598,0,"Johnson, Mr. Alfred",0.610454888162855,0.0,0.0,LINE,0.0,True,False,True,False,True
599,0,"Boulos, Mr. Hanna",0.34656948982156316,0.0,0.0,2664,0.11115384615384616,True,False,False,False,True
600,1,"Duff Gordon, Sir. Cosmo Edmund (""Mr Morgan"")",0.610454888162855,0.2,0.0,PC 17485,0.8758338461538462,True,False,False,False,False
601,1,"Jacobsohn, Mrs. Sidney Samuel (Amy Frances Christy)",0.2963056044232219,0.4,0.16666666666666666,243847,0.4153846153846154,False,False,True,True,False
602,0,"Slabenoff, Mr. Petco",0.34656948982156316,0.0,0.0,349214,0.12147384615384617,True,False,True,False,True
603,0,"Harrington, Mr. Charles H",0.34656948982156316,0.0,0.0,113796,0.6523076923076924,True,False,True,False,False
604,0,"Torber, Mr. Ernst William",0.5476250314149284,0.0,0.0,364511,0.12384615384615387,True,False,True,False,True
605,1,"Homer, Mr. Harry (""Mr E Haven"")",0.4345312892686604,0.0,0.0,111426,0.4084615384615385,True,False,False,False,False
606,0,"Lindell, Mr. Edvard Bengtsson",0.4470972606182458,0.2,0.0,349910,0.23923076923076925,True,False,True,False,True
607,0,"Karaic, Mr. Milan",0.37170143252073384,0.0,0.0,349246,0.12147384615384617,True,False,True,False,True
608,1,"Daniel, Mr. Robert Williams",0.33400351847197784,0.0,0.0,113804,0.46923076923076923,True,False,True,False,False
609,1,"Laroche, Mrs. Joseph (Juliette Marie Louise Lafargue)",0.2711736617240512,0.2,0.3333333333333333,SC/Paris 2123,0.63968,False,False,False,True,False
611,0,"Andersson, Mrs. Anders Johan (Alfrida Konstantia Brogren)",0.4847951746670017,0.2,0.8333333333333333,347082,0.48115384615384615,False,False,True,False,True
612,0,"Jardin, Mr. Jose Neto",0.34656948982156316,0.0,0.0,SOTON/O.Q. 3101305,0.10846153846153847,True,False,True,False,True
613,1,"Murphy, Miss. Margaret Jane",0.34656948982156316,0.2,0.0,367230,0.23846153846153847,False,True,False,False,True
614,0,"Horgan, Mr. John",0.34656948982156316,0.0,0.0,370377,0.11923076923076924,True,True,False,False,True
615,0,"Brocklebank, Mr. William Alfred",0.4345312892686604,0.0,0.0,364512,0.12384615384615387,True,False,True,False,True
616,1,"Herman, Miss. Alice",0.2963056044232219,0.2,0.3333333333333333,220845,1.0,False,False,True,True,False
617,0,"Danbom, Mr. Ernst Gilbert",0.4219653179190751,0.2,0.16666666666666666,347080,0.22153846153846155,True,False,True,False,True
618,0,"Lobb, Mrs. William Arthur (Cordelia K Stanlick)",0.32143754712239253,0.2,0.0,A/5. 3336,0.24769230769230774,False,False,True,False,True
619,1,"Becker, Miss. Marion Louise",0.04498617743151546,0.4,0.16666666666666666,230136,0.6000000000000001,False,False,True,True,False
620,0,"Gavey, Mr. Lawrence",0.32143754712239253,0.0,0.0,31028,0.16153846153846155,True,False,True,True,False
621,0,"Yasbeck, Mr. Antoni",0.33400351847197784,0.2,0.0,2659,0.2223723076923077,True,False,False,False,True
622,1,"Kimball, Mr. Edwin Nelson Jr",0.5224930887157577,0.2,0.0,11753,0.8085261538461539,True,False,True,False,False
623,1,"Nakid, Mr. Sahid",0.24604171902488062,0.2,0.16666666666666666,2653,0.24218,True,False,False,False,True
624,0,"Hansen, Mr. Henry Damsgaard",0.2586076903744659,0.0,0.0,350029,0.12083384615384615,True,False,True,False,True
625,0,"Bowen, Mr. David John ""Dai""",0.2586076903744659,0.0,0.0,54636,0.24769230769230774,True,False,True,False,True
626,0,"Sutton, Mr. Frederick",0.7612465443578789,0.0,0.0,36963,0.4972430769230769,True,False,True,False,False
627,0,"Kirkland, Rev. Charles Leonard",0.7109826589595376,0.0,0.0,219533,0.19,True,True,False,True,False
629,0,"Bostandyeff, Mr. Guentcho",0.32143754712239253,0.0,0.0,349224,0.12147384615384617,True,False,True,False,True
630,0,"O'Connell, Mr. Patrick D",0.34656948982156316,0.0,0.0,334912,0.11897384615384615,True,True,False,False,True
631,1,"Barkworth, Mr. Algernon Henry Wilson",1.0,0.0,0.0,27042,0.46153846153846156,True,False,True,False,False
632,0,"Lundahl, Mr. Johan Svensson",0.6355868308620256,0.0,0.0,347743,0.10852615384615386,True,False,True,False,True
633,1,"Stahelin-Maeglin, Dr. Max",0.39683337521990447,0.0,0.0,13214,0.46923076923076923,True,False,False,False,False
634,0,"Parr, Mr. William Henry Marsh",0.34656948982156316,0.0,0.0,112052,0.0,True,False,True,False,False
635,0,"Skoog, Miss. Mabel",0.10781603417944208,0.6000000000000001,0.3333333333333333,347088,0.42923076923076925,False,False,True,False,True
636,1,"Davis, Miss. Mary",0.34656948982156316,0.0,0.0,237668,0.2,False,False,True,True,False
637,0,"Leinonen, Mr. Antti Gustaf",0.39683337521990447,0.0,0.0,STON/O 2. 3101292,0.12192307692307693,True,False,True,False,True
638,0,"Collyer, Mr. Harvey",0.38426740387031916,0.2,0.16666666666666666,C.A. 31921,0.40384615384615385,True,False,True,True,False
639,0,"Panula, Mrs. Juha (Maria Emilia Ojala)",0.5099271173661725,0.0,0.8333333333333333,3101295,0.6105769230769231,False,False,True,False,True
640,0,"Thorneycroft, Mr. Percival",0.34656948982156316,0.2,0.0,376564,0.24769230769230774,True,False,True,False,True
641,0,"Jensen, Mr. Hans Peder",0.24604171902488062,0.0,0.0,350050,0.12083384615384615,True,False,True,False,True
643,0,"Skoog, Miss. Margit Elizabeth",0.01985423473234481,0.6000000000000001,0.3333333333333333,347088,0.42923076923076925,False,False,True,False,True
644,1,"Foo, Mr. Choong",0.34656948982156316,0.0,0.0,1601,0.8691661538461539,True,False,True,False,True
645,1,"Baclini, Miss. Eugenie",0.0041467705453631576,0.4,0.16666666666666666,2666,0.29628153846153843,False,False,False,False,True
647,0,"Cor, Mr. Liudevit",0.2334757476752953,0.0,0.0,349231,0.12147384615384617,True,False,True,False,True
648,1,"Simonius-Blumer, Col. Oberst Alfons",0.6984166876099522,0.0,0.0,13213,0.5461538461538462,True,False,False,False,False
649,0,"Willey, Mr. Edward",0.34656948982156316,0.0,0.0,S.O./P.P. 751,0.11615384615384616,True,False,True,False,True
650,1,"Stanley, Miss. Amy Zillah Elsie",0.2837396330736366,0.0,0.0,CA. 2314,0.11615384615384616,False,False,True,False,True
651,0,"Mitkoff, Mr. Mito",0.34656948982156316,0.0,0.0,349221,0.12147384615384617,True,False,True,False,True
652,1,"Doling, Miss. Elsie",0.22090977632571,0.0,0.16666666666666666,231919,0.35384615384615387,False,False,True,True,False
653,0,"Kalvik, Mr. Johannes Halvorsen",0.2586076903744659,0.0,0.0,8475,0.1297430769230769,True,False,True,False,True
654,1,"O'Leary, Miss. Hanora ""Norah""",0.34656948982156316,0.0,0.0,330919,0.12044923076923078,False,True,False,False,True
655,0,"Hegarty, Miss. Hanora ""Nora""",0.22090977632571,0.0,0.0,365226,0.10384615384615385,False,True,False,False,True
657,0,"Radeff, Mr. Alexander",0.34656948982156316,0.0,0.0,349223,0.12147384615384617,True,False,True,False,True
658,0,"Bourke, Mrs. John (Catherine)",0.39683337521990447,0.2,0.16666666666666666,364849,0.23846153846153847,False,True,False,False,True
659,0,"Eitemiller, Mr. George Floyd",0.2837396330736366,0.0,0.0,29751,0.2,True,False,True,True,False
662,0,"Badt, Mr. Mohamed",0.49736114601658704,0.0,0.0,2623,0.11115384615384616,True,False,False,False,True
663,0,"Colley, Mr. Edward Pomeroy",0.5853229454636844,0.0,0.0,5727,0.39365384615384613,True,False,True,False,False
664,0,"Coleff, Mr. Peju",0.4470972606182458,0.0,0.0,349210,0.11532,True,False,True,False,True
665,1,"Lindqvist, Mr. Eino William",0.24604171902488062,0.2,0.0,STON/O 2. 3101285,0.12192307692307693,True,False,True,False,True
667,0,"Butler, Mr. Reginald Fenton",0.3088715757728072,0.0,0.0,234686,0.2,True,False,True,True,False
668,0,"Rommetvedt, Mr. Knud Paust",0.34656948982156316,0.0,0.0,312993,0.11961538461538462,True,False,True,False,True
669,0,"Cook, Mr. Jacob",0.5350590600653431,0.0,0.0,A/5 3536,0.12384615384615387,True,False,True,False,True
670,1,"Taylor, Mrs. Elmer Zebley (Juliet Cummins Wright)",0.34656948982156316,0.2,0.0,19996,0.8,False,False,True,False,False
671,1,"Brown, Mrs. Thomas William Solomon (Elizabeth Catherine Ford)",0.49736114601658704,0.2,0.16666666666666666,29750,0.6000000000000001,False,False,True,True,False
672,0,"Davidson, Mr. Thornton",0.38426740387031916,0.2,0.0,F.C. 12750,0.8,True,False,True,False,False
673,0,"Mitchell, Mr. Henry Michael",0.8743402865041467,0.0,0.0,C.A. 24580,0.16153846153846155,True,False,True,True,False
674,1,"Wilhelms, Mr. Charles",0.38426740387031916,0.0,0.0,244270,0.2,True,False,True,True,False
675,0,"Watson, Mr. Ennis Hastings",0.34656948982156316,0.0,0.0,239856,0.0,True,False,True,True,False
676,0,"Edvardsson, Mr. Gustaf Hjalmar",0.22090977632571,0.0,0.0,349912,0.11961538461538462,True,False,True,False,True
677,0,"Sawyer, Mr. Frederick Charles",0.30258859009801453,0.0,0.0,342826,0.12384615384615387,True,False,True,False,True
678,1,"Turja, Miss. Anna Sofia",0.22090977632571,0.0,0.0,4138,0.15141076923076924,False,False,True,False,True
679,0,"Goodwin, Mrs. Frederick (Augusta Tyler)",0.5350590600653431,0.2,1.0,CA 2144,0.7215384615384616,False,False,True,False,True
681,0,"Peters, Miss. Katie",0.34656948982156316,0.0,0.0,330935,0.12519230769230769,False,True,False,False,True
683,0,"Olsvigen, Mr. Thor Anderson",0.24604171902488062,0.0,0.0,6563,0.14192307692307693,True,False,True,False,True
684,0,"Goodwin, Mr. Charles Edward",0.17064589092736868,1.0,0.3333333333333333,CA 2144,0.7215384615384616,True,False,True,False,True
685,0,"Brown, Mr. Thomas William Solomon",0.7486805730082936,0.2,0.16666666666666666,29750,0.6000000000000001,True,False,True,True,False
686,0,"Laroche, Mr. Joseph Philippe Lemercier",0.3088715757728072,0.2,0.3333333333333333,SC/Paris 2123,0.63968,True,False,False,True,False
687,0,"Panula, Mr. Jaako Arnold",0.17064589092736868,0.8,0.16666666666666666,3101295,0.6105769230769231,True,False,True,False,True
688,0,"Dakic, Mr. Branko",0.2334757476752953,0.0,0.0,349228,0.15647384615384616,True,False,True,False,True
689,0,"Fischer, Mr. Eberhard Thelander",0.22090977632571,0.0,0.0,350036,0.11993538461538462,True,False,True,False,True
691,1,"Dick, Mr. Albert Adrian",0.38426740387031916,0.2,0.0,17474,0.8769230769230769,True,False,True,False,False
692,1,"Karun, Miss. Manca",0.04498617743151546,0.0,0.16666666666666666,349256,0.20641076923076926,False,False,False,False,True
693,1,"Lam, Mr. Ali",0.34656948982156316,0.0,0.0,1601,0.8691661538461539,True,False,True,False,True
694,0,"Saad, Mr. Khalil",0.3088715757728072,0.0,0.0,2672,0.11115384615384616,True,False,False,False,True
695,0,"Weir, Col. John",0.7486805730082936,0.0,0.0,113800,0.4084615384615385,True,False,True,False,False
696,0,"Chapman, Mr. Charles Henry",0.648152802211611,0.0,0.0,248731,0.2076923076923077,True,False,True,True,False
697,0,"Kelly, Mr. James",0.5476250314149284,0.0,0.0,363592,0.12384615384615387,True,False,True,False,True
698,1,"Mullens, Miss. Katherine ""Katie""",0.34656948982156316,0.0,0.0,35852,0.11897384615384615,False,True,False,False,True
700,0,"Humblen, Mr. Adolf Mathias Nicolai Olsen",0.5224930887157577,0.0,0.0,348121,0.11769230769230771,True,False,True,False,True
702,1,"Silverthorne, Mr. Spencer Victor",0.4345312892686604,0.0,0.0,PC 17475,0.40442307692307694,True,False,True,False,False
703,0,"Barbara, Miss. Saiide",0.22090977632571,0.0,0.16666666666666666,2691,0.2223723076923077,False,False,False,False,True
704,0,"Gallagher, Mr. Martin",0.3088715757728072,0.0,0.0,36864,0.11910307692307692,True,True,False,False,True
705,0,"Hansen, Mr. Henrik Juul",0.32143754712239253,0.2,0.0,350025,0.12083384615384615,True,False,True,False,True
706,0,"Morley, Mr. Henry Samuel (""Mr Henry Marshall"")",0.4847951746670017,0.0,0.0,250655,0.4,True,False,True,True,False
707,1,"Kelly, Mrs. Florence ""Fannie""",0.5601910027645137,0.0,0.0,223596,0.2076923076923077,False,False,True,True,False
708,1,"Calderhead, Mr. Edward Pennington",0.5224930887157577,0.0,0.0,PC 17476,0.40442307692307694,True,False,True,False,False
710,1,"Moubarek, Master. Halim Gonios (""William George"")",0.34656948982156316,0.2,0.16666666666666666,2661,0.23455076923076923,True,False,False,False,True
711,1,"Mayne, Mlle. Berthe Antonine (""Mrs de Villiers"")",0.2963056044232219,0.0,0.0,PC 17482,0.7616030769230769,False,False,False,False,False
712,0,"Klaber, Mr. Herman",0.34656948982156316,0.0,0.0,113028,0.4084615384615385,True,False,True,False,False
713,1,"Taylor, Mr. Elmer Zebley",0.5978889168132697,0.2,0.0,19996,0.8,True,False,True,False,False
714,0,"Larsson, Mr. August Viktor",0.35913546117114853,0.0,0.0,7545,0.1458969230769231,True,False,True,False,True
715,0,"Greenberg, Mr. Samuel",0.648152802211611,0.0,0.0,250647,0.2,True,False,True,True,False
716,0,"Soholt, Mr. Peter Andreas Lauritz Andersen",0.2334757476752953,0.0,0.0,348124,0.11769230769230771,True,False,True,False,True
718,1,"Troutt, Miss. Edwina Celia ""Winnie""",0.33400351847197784,0.0,0.0,34218,0.16153846153846155,False,False,True,True,False
719,0,"McEvoy, Mr. Michael",0.34656948982156316,0.0,0.0,36568,0.23846153846153847,True,True,False,False,True
720,0,"Johnson, Mr. Malkolm Joackim",0.4093993465694898,0.0,0.0,347062,0.11961538461538462,True,False,True,False,True
721,1,"Harper, Miss. Annie Jessie ""Nina""",0.0701181201306861,0.0,0.16666666666666666,248727,0.5076923076923077,False,False,True,True,False
722,0,"Jensen, Mr. Svend Lauritz",0.20834380497612465,0.2,0.0,350048,0.10852615384615386,True,False,True,False,True
723,0,"Gillespie, Mr. William Henry",0.4219653179190751,0.0,0.0,12233,0.2,True,False,True,True,False
724,0,"Hodges, Mr. Henry Price",0.6230208595124404,0.0,0.0,250643,0.2,True,False,True,True,False
725,1,"Chambers, Mr. Norman Campbell",0.33400351847197784,0.2,0.0,113806,0.816923076923077,True,False,True,False,False
726,0,"Oreskovic, Mr. Luka",0.24604171902488062,0.0,0.0,315094,0.13326923076923078,True,False,True,False,True
727,1,"Renouf, Mrs. Peter Henry (Lillian Jefferys)",0.37170143252073384,0.6000000000000001,0.0,31027,0.3230769230769231,False,False,True,True,False
728,1,"Mannion, Miss. Margareth",0.34656948982156316,0.0,0.0,36866,0.11903846153846154,False,True,False,False,True
729,0,"Bryhl, Mr. Kurt Arnold Gottfrid",0.3088715757728072,0.2,0.0,236853,0.4,True,False,True,True,False
730,0,"Ilmakangas, Miss. Pieta Sofia",0.3088715757728072,0.2,0.0,STON/O2. 3101271,0.12192307692307693,False,False,True,False,True
732,0,"Hassan, Mr. Houssein G N",0.1329479768786127,0.0,0.0,2699,0.2890384615384616,True,False,False,False,True
733,0,"Knight, Mr. Robert J",0.34656948982156316,0.0,0.0,239855,0.0,True,False,True,True,False
734,0,"Berriman, Mr. William John",0.2837396330736366,0.0,0.0,28425,0.2,True,False,True,True,False
735,0,"Troupiansky, Mr. Moses Aaron",0.2837396330736366,0.0,0.0,233639,0.2,True,False,True,True,False
736,0,"Williams, Mr. Leslie",0.35285247549635584,0.0,0.0,54636,0.24769230769230774,True,False,True,False,True
737,0,"Ford, Mrs. Edward (Margaret Ann Watson)",0.5978889168132697,0.2,0.5,W./C. 6608,0.5288461538461539,False,False,True,False,True
739,0,"Ivanoff, Mr. Kanio",0.34656948982156316,0.0,0.0,349201,0.12147384615384617,True,False,True,False,True
740,0,"Nankoff, Mr. Minko",0.34656948982156316,0.0,0.0,349218,0.12147384615384617,True,False,True,False,True
741,1,"Hawksford, Mr. Walter James",0.34656948982156316,0.0,0.0,16988,0.46153846153846156,True,False,True,False,False
744,0,"McNamee, Mr. Neal",0.2963056044232219,0.2,0.0,376566,0.24769230769230774,True,False,True,False,True
745,1,"Stranden, Mr. Juho",0.38426740387031916,0.0,0.0,STON/O 2. 3101288,0.12192307692307693,True,False,True,False,True
747,0,"Abbott, Mr. Rossmore Edward",0.19577783362653933,0.2,0.16666666666666666,C.A. 2673,0.31153846153846154,True,False,True,False,True
748,1,"Sinkkonen, Miss. Anna",0.37170143252073384,0.0,0.0,250648,0.2,False,False,True,True,False
749,0,"Marvin, Mr. Daniel Warner",0.2334757476752953,0.2,0.0,113773,0.816923076923077,True,False,True,False,False
750,0,"Connaghton, Mr. Michael",0.38426740387031916,0.0,0.0,335097,0.11923076923076924,True,True,False,False,True
751,1,"Wells, Miss. Joan",0.04498617743151546,0.2,0.16666666666666666,29103,0.35384615384615387,False,False,True,True,False
752,1,"Moor, Master. Meier",0.0701181201306861,0.0,0.16666666666666666,392096,0.19192307692307692,True,False,True,False,True
753,0,"Vande Velde, Mr. Johannes Joseph",0.4093993465694898,0.0,0.0,345780,0.14615384615384616,True,False,True,False,True
754,0,"Jonkoff, Mr. Lalio",0.2837396330736366,0.0,0.0,349204,0.12147384615384617,True,False,True,False,True
755,1,"Herman, Mrs. Samuel (Jane Laver)",0.5978889168132697,0.2,0.3333333333333333,220845,1.0,False,False,True,True,False
756,1,"Hamalainen, Master. Viljo",0.003141492837396331,0.2,0.16666666666666666,250649,0.2230769230769231,True,False,True,True,False
757,0,"Carlsson, Mr. August Sigfrid",0.34656948982156316,0.0,0.0,350042,0.11993538461538462,True,False,True,False,True
758,0,"Bailey, Mr. Percy Andrew",0.22090977632571,0.0,0.0,29108,0.17692307692307693,True,False,True,True,False
759,0,"Theobald, Mr. Thomas Leonard",0.4219653179190751,0.0,0.0,363294,0.12384615384615387,True,False,True,False,True
761,0,"Garfirth, Mr. John",0.34656948982156316,0.0,0.0,358585,0.2230769230769231,True,False,True,False,True
762,0,"Nirva, Mr. Iisakki Antino Aijo",0.5099271173661725,0.0,0.0,SOTON/O2 3101272,0.10961538461538461,True,False,True,False,True
763,1,"Barah, Mr. Hanna Assi",0.24604171902488062,0.0,0.0,2663,0.11121846153846154,True,False,False,False,True
765,0,"Eklund, Mr. Hans Linus",0.19577783362653933,0.0,0.0,347074,0.11961538461538462,True,False,True,False,True
767,0,"Brewe, Dr. Arthur Jackson",0.34656948982156316,0.0,0.0,112379,0.6092307692307692,True,False,False,False,False
768,0,"Mangan, Miss. Mary",0.3779844181955265,0.0,0.0,364850,0.11923076923076924,False,True,False,False,True
769,0,"Moran, Mr. Daniel J",0.34656948982156316,0.2,0.0,371110,0.37153846153846154,True,True,False,False,True
770,0,"Gronnestad, Mr. Daniel Danielsen",0.39683337521990447,0.0,0.0,8471,0.12865384615384617,True,False,True,False,True
771,0,"Lievens, Mr. Rene Aime",0.2963056044232219,0.0,0.0,345781,0.14615384615384616,True,False,True,False,True
772,0,"Jensen, Mr. Niels Peder",0.5978889168132697,0.0,0.0,350047,0.12083384615384615,True,False,True,False,True
773,0,"Mack, Mrs. (Mary)",0.7109826589595376,0.0,0.0,S.O./P.P. 3,0.16153846153846155,False,False,True,True,False
774,0,"Elias, Mr. Dibo",0.34656948982156316,0.0,0.0,2674,0.11115384615384616,True,False,False,False,True
775,1,"Hocking, Mrs. Elizabeth (Eliza Needs)",0.6732847449107816,0.2,0.5,29105,0.35384615384615387,False,False,True,True,False
776,0,"Myhrman, Mr. Pehr Fabian Oliver Malkolm",0.22090977632571,0.0,0.0,347078,0.11923076923076924,True,False,True,False,True
777,0,"Tobin, Mr. Roger",0.34656948982156316,0.0,0.0,383121,0.11923076923076924,True,True,False,False,True
778,1,"Emanuel, Miss. Virginia Ethel",0.05755214878110078,0.0,0.0,364516,0.19192307692307692,False,False,True,False,True
779,0,"Kilgannon, Mr. Thomas J",0.34656948982156316,0.0,0.0,36865,0.11903846153846154,True,True,False,False,True
781,1,"Ayoub, Miss. Banoura",0.15807991957778336,0.0,0.0,2687,0.11121846153846154,False,False,False,False,True
782,1,"Dick, Mrs. Albert Adrian (Vera Gillespie)",0.20834380497612465,0.2,0.0,17474,0.8769230769230769,False,False,True,False,False
783,0,"Long, Mr. Milton Clyde",0.35913546117114853,0.0,0.0,113501,0.46153846153846156,True,False,True,False,False
784,0,"Johnston, Mr. Andrew G",0.34656948982156316,0.2,0.3333333333333333,W./C. 6607,0.3607692307692308,True,False,True,False,True
785,0,"Ali, Mr. William",0.3088715757728072,0.0,0.0,SOTON/O.Q. 3101312,0.10846153846153847,True,False,True,False,True
786,0,"Harmer, Mr. Abraham (David Lishin)",0.3088715757728072,0.0,0.0,374887,0.11153846153846154,True,False,True,False,True
787,1,"Sjoblom, Miss. Anna Sofia",0.22090977632571,0.0,0.0,3101265,0.11532,False,False,True,False,True
788,0,"Rice, Master. George Hugh",0.09525006282985675,0.8,0.16666666666666666,382652,0.4480769230769231,True,True,False,False,True
789,1,"Dean, Master. Bertram Vere",0.007288263382759488,0.2,0.3333333333333333,C.A. 2315,0.31653846153846155,True,False,True,False,True
791,0,"Keane, Mr. Andrew ""Andy""",0.34656948982156316,0.0,0.0,12460,0.11923076923076924,True,True,False,False,True
792,0,"Gaskell, Mr. Alfred",0.19577783362653933,0.0,0.0,239865,0.4,True,False,True,True,False
794,0,"Hoyt, Mr. William Fisher",0.34656948982156316,0.0,0.0,PC 17600,0.47224307692307693,True,False,False,False,False
795,0,"Dantcheff, Mr. Ristiu",0.3088715757728072,0.0,0.0,349203,0.12147384615384617,True,False,True,False,True
796,0,"Otter, Mr. Richard",0.4847951746670017,0.0,0.0,28213,0.2,True,False,True,True,False
797,1,"Leader, Dr. Alice (Farnham)",0.610454888162855,0.0,0.0,17465,0.3989107692307693,False,False,True,False,False
798,1,"Osman, Mrs. Mara",0.38426740387031916,0.0,0.0,349244,0.13358923076923077,False,False,True,False,True
799,0,"Ibrahim Shawah, Mr. Yousseff",0.37170143252073384,0.0,0.0,2685,0.11121846153846154,True,False,False,False,True
800,0,"Van Impe, Mrs. Jean Baptiste (Rosalie Paula Govaert)",0.37170143252073384,0.2,0.16666666666666666,345773,0.37153846153846154,False,False,True,False,True
801,0,"Ponesell, Mr. Martin",0.4219653179190751,0.0,0.0,250647,0.2,True,False,True,True,False
802,1,"Collyer, Mrs. Harvey (Charlotte Annie Tate)",0.38426740387031916,0.2,0.16666666666666666,C.A. 31921,0.40384615384615385,False,False,True,True,False
804,1,"Thomas, Master. Assad Alexander",0.0,0.0,0.16666666666666666,2625,0.13102615384615385,True,False,False,False,True
805,1,"Hedman, Mr. Oskar Arvid",0.33400351847197784,0.0,0.0,347089,0.10730769230769231,True,False,True,False,True
806,0,"Johansson, Mr. Karl Johan",0.38426740387031916,0.0,0.0,347063,0.11961538461538462,True,False,True,False,True
807,0,"Andrews, Mr. Thomas Jr",0.4847951746670017,0.0,0.0,112050,0.0,True,False,True,False,False
808,0,"Pettersson, Miss. Ellen Natalia",0.22090977632571,0.0,0.0,347087,0.11961538461538462,False,False,True,False,True
809,0,"Meyer, Mr. August",0.4847951746670017,0.0,0.0,248723,0.2,True,False,True,True,False
810,1,"Chambers, Mrs. Norman Campbell (Bertha Griggs)",0.4093993465694898,0.2,0.0,113806,0.816923076923077,False,False,True,False,False
811,0,"Alexander, Mr. William",0.32143754712239253,0.0,0.0,3474,0.12134615384615385,True,False,True,False,True
812,0,"Lester, Mr. James",0.4847951746670017,0.0,0.0,A/4 48871,0.37153846153846154,True,False,True,False,True
813,0,"Slemen, Mr. Richard James",0.4345312892686604,0.0,0.0,28206,0.16153846153846155,True,False,True,True,False
814,0,"Andersson, Miss. Ebba Iris Alfrida",0.0701181201306861,0.8,0.3333333333333333,347082,0.48115384615384615,False,False,True,False,True
815,0,"Tomlin, Mr. Ernest Portage",0.3779844181955265,0.0,0.0,364499,0.12384615384615387,True,False,True,False,True
816,0,"Fry, Mr. Richard",0.34656948982156316,0.0,0.0,112058,0.0,True,False,True,False,False
817,0,"Heininen, Miss. Wendla Maria",0.2837396330736366,0.0,0.0,STON/O2. 3101290,0.12192307692307693,False,False,True,False,True
818,0,"Mallet, Mr. Albert",0.38426740387031916,0.2,0.16666666666666666,S.C./PARIS 2079,0.5692953846153846,True,False,False,True,False
819,0,"Holm, Mr. John Fredrik Alexander",0.5350590600653431,0.0,0.0,C 7075,0.09923076923076923,True,False,True,False,True
820,0,"Skoog, Master. Karl Thorsten",0.12038200552902739,0.6000000000000001,0.3333333333333333,347088,0.42923076923076925,True,False,True,False,True
822,1,"Lulic, Mr. Nikola",0.33400351847197784,0.0,0.0,315098,0.13326923076923078,True,False,True,False,True
823,0,"Reuchlin, Jonkheer. John George",0.4722292033174164,0.0,0.0,19972,0.0,True,False,True,False,False
824,1,"Moor, Mrs. (Beila)",0.33400351847197784,0.0,0.16666666666666666,392096,0.19192307692307692,False,False,True,False,True
825,0,"Panula, Master. Urho Abraham",0.01985423473234481,0.8,0.16666666666666666,3101295,0.6105769230769231,True,False,True,False,True
826,0,"Flynn, Mr. John",0.34656948982156316,0.0,0.0,368323,0.10692307692307693,True,True,False,False,True
827,0,"Lam, Mr. Len",0.34656948982156316,0.0,0.0,1601,0.8691661538461539,True,False,True,False,True
828,1,"Mallet, Master. Andre",0.007288263382759488,0.0,0.3333333333333333,S.C./PARIS 2079,0.5692953846153846,True,False,False,True,False
829,1,"McCormack, Mr. Thomas Joseph",0.34656948982156316,0.0,0.0,367228,0.11923076923076924,True,True,False,False,True
831,1,"Yasbeck, Mrs. Antoni (Selini Alexander)",0.18321186227695402,0.2,0.0,2659,0.2223723076923077,False,False,False,False,True
832,1,"Richards, Master. George Sibley",0.005152048253329982,0.2,0.16666666666666666,29106,0.2884615384615385,True,False,True,True,False
833,0,"Saad, Mr. Amin",0.34656948982156316,0.0,0.0,2671,0.11121846153846154,True,False,False,False,True
834,0,"Augustsson, Mr. Albert",0.2837396330736366,0.0,0.0,347468,0.12083384615384615,True,False,True,False,True
835,0,"Allum, Mr. Owen George",0.22090977632571,0.0,0.0,2223,0.12769230769230772,True,False,True,False,True
837,0,"Pasic, Mr. Jakob",0.2586076903744659,0.0,0.0,315097,0.13326923076923078,True,False,True,False,True
838,0,"Sirota, Mr. Maurice",0.34656948982156316,0.0,0.0,392092,0.12384615384615387,True,False,True,False,True
839,1,"Chip, Mr. Chang",0.39683337521990447,0.0,0.0,1601,0.8691661538461539,True,False,True,False,True
840,1,"Marechal, Mr. Pierre",0.34656948982156316,0.0,0.0,11774,0.45692307692307693,True,False,False,False,False
841,0,"Alhomaki, Mr. Ilmari Rudolf",0.24604171902488062,0.0,0.0,SOTON/O2 3101287,0.12192307692307693,True,False,True,False,True
842,0,"Mudd, Mr. Thomas Charles",0.19577783362653933,0.0,0.0,S.O./P.P. 3,0.16153846153846155,True,False,True,True,False
843,1,"Serepeca, Miss. Augusta",0.37170143252073384,0.0,0.0,113798,0.47692307692307695,False,False,False,False,False
844,0,"Lemberopolous, Mr. Peter L",0.4282483035938678,0.0,0.0,2683,0.09903846153846155,True,False,False,False,True
845,0,"Culumovic, Mr. Jeso",0.20834380497612465,0.0,0.0,315090,0.13326923076923078,True,False,True,False,True
846,0,"Abbing, Mr. Anthony",0.5224930887157577,0.0,0.0,C.A. 5547,0.11615384615384616,True,False,True,False,True
848,0,"Markoff, Mr. Marin",0.4345312892686604,0.0,0.0,349213,0.12147384615384617,True,False,False,False,True
849,0,"Harper, Rev. John",0.34656948982156316,0.0,0.16666666666666666,248727,0.5076923076923077,True,False,True,True,False
851,0,"Andersson, Master. Sigvard Harald Elias",0.04498617743151546,0.8,0.3333333333333333,347082,0.48115384615384615,True,False,True,False,True
852,0,"Svensson, Mr. Johan",0.9246041719024881,0.0,0.0,347060,0.11961538461538462,True,False,True,False,True
853,0,"Boulos, Miss. Nourelain",0.10781603417944208,0.2,0.16666666666666666,2678,0.23455076923076923,False,False,False,False,True
854,1,"Lines, Miss. Mary Conover",0.19577783362653933,0.0,0.16666666666666666,PC 17592,0.6061538461538462,False,False,True,False,False
855,0,"Carter, Mrs. Ernest Courtenay (Lilian Hughes)",0.5476250314149284,0.2,0.0,244252,0.4,False,False,True,True,False
856,1,"Aks, Mrs. Sam (Leah Rosen)",0.22090977632571,0.0,0.16666666666666666,392091,0.14384615384615385,False,False,True,False,True
858,1,"Daly, Mr. Peter Denis ",0.6355868308620256,0.0,0.0,113055,0.4084615384615385,True,False,True,False,False
859,1,"Baclini, Mrs. Solomon (Latifa Qurban)",0.2963056044232219,0.0,0.5,2666,0.29628153846153843,False,False,False,False,True
860,0,"Razi, Mr. Raihed",0.34656948982156316,0.0,0.0,2629,0.11121846153846154,True,False,False,False,True
861,0,"Hansen, Mr. Claus Peter",0.5099271173661725,0.4,0.0,350026,0.21705076923076924,True,False,True,False,True
862,0,"Giles, Mr. Frederick Edward",0.2586076903744659,0.2,0.0,28134,0.17692307692307693,True,False,True,True,False
863,1,"Swift, Mrs. Frederick Joel (Margaret Welles Barron)",0.5978889168132697,0.0,0.0,17466,0.3989107692307693,False,False,True,False,False
865,0,"Gill, Mr. John William",0.2963056044232219,0.0,0.0,233866,0.2,True,False,True,True,False
866,1,"Bystrom, Mrs. (Karolina)",0.5224930887157577,0.0,0.0,236852,0.2,False,False,True,True,False
867,1,"Duran y More, Miss. Asuncion",0.33400351847197784,0.2,0.0,SC/PARIS 2149,0.21320461538461538,False,False,False,True,False
868,0,"Roebling, Mr. Washington Augustus II",0.38426740387031916,0.0,0.0,PC 17590,0.7768584615384616,True,False,True,False,False
869,0,"van Melkebeke, Mr. Philemon",0.34656948982156316,0.0,0.0,345777,0.14615384615384616,True,False,True,False,True
870,1,"Johnson, Master. Harold Theodor",0.04498617743151546,0.2,0.16666666666666666,347742,0.17128153846153849,True,False,True,False,True
871,0,"Balkic, Mr. Cerin",0.32143754712239253,0.0,0.0,349248,0.12147384615384617,True,False,True,False,True
872,1,"Beckwith, Mrs. Richard Leonard (Sallie Monypeny)",0.5853229454636844,0.2,0.16666666666666666,11751,0.8085261538461539,False,False,True,False,False
873,0,"Carlsson, Mr. Frans Olof",0.4093993465694898,0.0,0.0,695,0.07692307692307693,True,False,True,False,False
874,0,"Vander Cruyssen, Mr. Victor",0.5853229454636844,0.0,0.0,345765,0.13846153846153847,True,False,True,False,True
875,1,"Abelson, Mrs. Samuel (Hannah Wizosky)",0.34656948982156316,0.2,0.0,P/PP 3381,0.36923076923076925,False,False,False,True,False
876,1,"Najib, Miss. Adele Kiamie ""Jane""",0.18321186227695402,0.0,0.0,2667,0.11115384615384616,False,False,False,False,True
877,0,"Gustafsson, Mr. Alfred Ossian",0.24604171902488062,0.0,0.0,7534,0.15147384615384618,True,False,True,False,True
878,0,"Petroff, Mr. Nedelio",0.2334757476752953,0.0,0.0,349212,0.12147384615384617,True,False,True,False,True
879,0,"Laleff, Mr. Kristo",0.34656948982156316,0.0,0.0,349217,0.12147384615384617,True,False,True,False,True
881,1,"Shelley, Mrs. William (Imanita Parrish Hall)",0.3088715757728072,0.0,0.16666666666666666,230433,0.4,False,False,True,True,False
882,0,"Markun, Mr. Johann",0.4093993465694898,0.0,0.0,349257,0.12147384615384617,True,False,True,False,True
883,0,"Dahlberg, Miss. Gerda Ulrika",0.2711736617240512,0.0,0.0,7552,0.16179538461538462,False,False,True,False,True
884,0,"Banfield, Mr. Frederick James",0.34656948982156316,0.0,0.0,C.A./SOTON 34068,0.16153846153846155,True,False,True,True,False
885,0,"Sutehall, Mr. Henry Jr",0.3088715757728072,0.0,0.0,SOTON/OQ 392076,0.10846153846153847,True,False,True,False,True
886,0,"Rice, Mrs. William (Margaret Norton)",0.4847951746670017,0.0,0.8333333333333333,382652,0.4480769230769231,False,True,False,False,True
887,0,"Montvila, Rev. Juozas",0.33400351847197784,0.0,0.0,211536,0.2,True,False,True,True,False
888,1,"Graham, Miss. Margaret Edith",0.2334757476752953,0.0,0.0,112053,0.46153846153846156,False,False,True,False,False
889,0,"Johnston, Miss. Catherine Helen ""Carrie""",0.34656948982156316,0.2,0.3333333333333333,W./C. 6607,0.3607692307692308,False,False,True,False,True
890,1,"Behr, Mr. Karl Howell",0.32143754712239253,0.0,0.0,111369,0.46153846153846156,True,False,False,False,False
891,0,"Dooley, Mr. Patrick",0.39683337521990447,0.0,0.0,370376,0.11923076923076924,True,True,False,False,True
